Source,Target,Weight,Type
65,986,1,occurs_in_stage
907,986,1,occurs_in_stage
170,986,1,occurs_in_stage
707,986,1,occurs_in_stage
698,987,3,occurs_in_stage
582,987,1,occurs_in_stage
650,987,1,occurs_in_stage
152,987,1,occurs_in_stage
853,987,2,occurs_in_stage
446,988,1,occurs_in_stage
126,988,1,occurs_in_stage
263,988,1,occurs_in_stage
615,988,1,occurs_in_stage
765,988,1,occurs_in_stage
79,988,1,occurs_in_stage
842,988,1,occurs_in_stage
323,989,2,occurs_in_stage
418,991,1,occurs_in_stage
79,991,1,occurs_in_stage
707,991,1,occurs_in_stage
914,993,1,occurs_in_stage
322,993,1,occurs_in_stage
345,996,1,occurs_in_stage
582,999,1,occurs_in_stage
10,999,1,occurs_in_stage
343,999,1,occurs_in_stage
72,999,1,occurs_in_stage
791,999,4,occurs_in_stage
737,999,1,occurs_in_stage
928,999,1,occurs_in_stage
344,1000,1,occurs_in_stage
959,1005,1,occurs_in_stage
680,1005,1,occurs_in_stage
404,1005,4,occurs_in_stage
786,1007,1,occurs_in_stage
165,1007,1,occurs_in_stage
557,1007,2,occurs_in_stage
530,1007,1,occurs_in_stage
68,1008,1,occurs_in_stage
707,1008,2,occurs_in_stage
323,1008,1,occurs_in_stage
523,1008,1,occurs_in_stage
707,1009,1,occurs_in_stage
530,1010,1,occurs_in_stage
112,1011,1,occurs_in_stage
907,1011,1,occurs_in_stage
6,1014,1,occurs_in_stage
609,1014,1,occurs_in_stage
286,1015,1,occurs_in_stage
34,1015,1,occurs_in_stage
609,1017,1,occurs_in_stage
692,1017,1,occurs_in_stage
64,1017,2,occurs_in_stage
791,1017,2,occurs_in_stage
685,1017,1,occurs_in_stage
954,1017,1,occurs_in_stage
924,1017,1,occurs_in_stage
596,1017,13,occurs_in_stage
762,1017,3,occurs_in_stage
553,1017,1,occurs_in_stage
299,1017,1,occurs_in_stage
530,1019,1,occurs_in_stage
704,1021,1,occurs_in_stage
156,1021,2,occurs_in_stage
128,1021,1,occurs_in_stage
272,1021,3,occurs_in_stage
44,1021,1,occurs_in_stage
604,1021,1,occurs_in_stage
768,1021,3,occurs_in_stage
941,1021,1,occurs_in_stage
674,1021,1,occurs_in_stage
269,1021,1,occurs_in_stage
801,1021,1,occurs_in_stage
73,1021,1,occurs_in_stage
495,1021,1,occurs_in_stage
967,1021,1,occurs_in_stage
707,1021,1,occurs_in_stage
230,1021,1,occurs_in_stage
680,1022,1,occurs_in_stage
969,1022,1,occurs_in_stage
64,1022,1,occurs_in_stage
575,1022,1,occurs_in_stage
938,1022,1,occurs_in_stage
786,1022,1,occurs_in_stage
707,1022,1,occurs_in_stage
609,1022,1,occurs_in_stage
530,1022,1,occurs_in_stage
732,1022,1,occurs_in_stage
453,1024,1,occurs_in_stage
343,1024,3,occurs_in_stage
848,1024,1,occurs_in_stage
22,1024,1,occurs_in_stage
86,1024,1,occurs_in_stage
167,1024,1,occurs_in_stage
96,1024,1,occurs_in_stage
632,1024,1,occurs_in_stage
531,1024,1,occurs_in_stage
603,1024,2,occurs_in_stage
447,1024,1,occurs_in_stage
89,1024,1,occurs_in_stage
980,1025,1,occurs_in_stage
609,1025,4,occurs_in_stage
707,1025,1,occurs_in_stage
243,1025,1,occurs_in_stage
749,1025,1,occurs_in_stage
113,1025,1,occurs_in_stage
758,1025,1,occurs_in_stage
648,1025,1,occurs_in_stage
197,1025,1,occurs_in_stage
231,1025,2,occurs_in_stage
853,1025,1,occurs_in_stage
307,1025,1,occurs_in_stage
282,1025,1,occurs_in_stage
467,1025,1,occurs_in_stage
776,1025,1,occurs_in_stage
358,1026,1,occurs_in_stage
609,1026,1,occurs_in_stage
530,1026,1,occurs_in_stage
261,1026,2,occurs_in_stage
380,1026,1,occurs_in_stage
707,1026,1,occurs_in_stage
224,1027,1,occurs_in_stage
707,1027,1,occurs_in_stage
87,1029,4,occurs_in_stage
4,1029,1,occurs_in_stage
314,1029,1,occurs_in_stage
838,1033,1,occurs_in_stage
64,1033,1,occurs_in_stage
323,1033,1,occurs_in_stage
652,1033,1,occurs_in_stage
609,1033,3,occurs_in_stage
196,1034,1,occurs_in_stage
791,1034,1,occurs_in_stage
79,1034,1,occurs_in_stage
721,1034,1,occurs_in_stage
707,1035,1,occurs_in_stage
806,1035,1,occurs_in_stage
165,1036,1,occurs_in_stage
720,1036,1,occurs_in_stage
872,1037,1,occurs_in_stage
744,1037,1,occurs_in_stage
724,1037,1,occurs_in_stage
730,1037,1,occurs_in_stage
165,1037,1,occurs_in_stage
470,1037,1,occurs_in_stage
828,1037,1,occurs_in_stage
786,1037,1,occurs_in_stage
130,1037,1,occurs_in_stage
206,1042,3,occurs_in_stage
843,1042,1,occurs_in_stage
384,1042,1,occurs_in_stage
136,1042,1,occurs_in_stage
132,1043,1,occurs_in_stage
79,1046,3,occurs_in_stage
935,1047,1,occurs_in_stage
707,1047,1,occurs_in_stage
5,1047,1,occurs_in_stage
804,1047,1,occurs_in_stage
942,1047,1,occurs_in_stage
313,1047,1,occurs_in_stage
530,1048,1,occurs_in_stage
49,1048,1,occurs_in_stage
552,1048,1,occurs_in_stage
705,1048,1,occurs_in_stage
900,1048,1,occurs_in_stage
114,1049,1,occurs_in_stage
884,1049,6,occurs_in_stage
124,1050,4,occurs_in_stage
663,1051,1,occurs_in_stage
497,1051,1,occurs_in_stage
322,1051,1,occurs_in_stage
400,1051,2,occurs_in_stage
707,1051,1,occurs_in_stage
673,1052,2,occurs_in_stage
805,1052,1,occurs_in_stage
723,1058,2,occurs_in_stage
15,1058,1,occurs_in_stage
931,1058,2,occurs_in_stage
680,1060,1,occurs_in_stage
808,1060,1,occurs_in_stage
892,1060,3,occurs_in_stage
787,1060,2,occurs_in_stage
376,1060,1,occurs_in_stage
707,1062,1,occurs_in_stage
609,1062,1,occurs_in_stage
949,1063,1,occurs_in_stage
884,1063,1,occurs_in_stage
974,1066,1,occurs_in_stage
145,1066,5,occurs_in_stage
693,1067,2,occurs_in_stage
463,1067,2,occurs_in_stage
707,1067,1,occurs_in_stage
296,1067,1,occurs_in_stage
691,1067,1,occurs_in_stage
589,1067,1,occurs_in_stage
938,1067,1,occurs_in_stage
791,1067,1,occurs_in_stage
174,1068,3,occurs_in_stage
41,1069,1,occurs_in_stage
59,1069,1,occurs_in_stage
605,1069,1,occurs_in_stage
79,1069,1,occurs_in_stage
299,1069,1,occurs_in_stage
574,1069,1,occurs_in_stage
447,1069,1,occurs_in_stage
494,1072,1,occurs_in_stage
778,1073,6,occurs_in_stage
325,1073,1,occurs_in_stage
567,1073,1,occurs_in_stage
290,1073,1,occurs_in_stage
974,1073,2,occurs_in_stage
791,1073,1,occurs_in_stage
853,1075,1,occurs_in_stage
579,1075,2,occurs_in_stage
707,1075,1,occurs_in_stage
786,1075,1,occurs_in_stage
704,1076,1,occurs_in_stage
206,1078,1,occurs_in_stage
323,1078,1,occurs_in_stage
79,1079,1,occurs_in_stage
106,1080,2,occurs_in_stage
616,1080,4,occurs_in_stage
125,1080,5,occurs_in_stage
624,1080,1,occurs_in_stage
452,1081,1,occurs_in_stage
927,1081,1,occurs_in_stage
303,1081,3,occurs_in_stage
886,1081,1,occurs_in_stage
563,1081,1,occurs_in_stage
88,1082,1,occurs_in_stage
748,1082,5,occurs_in_stage
521,1082,15,occurs_in_stage
931,1082,1,occurs_in_stage
354,1082,1,occurs_in_stage
808,1083,2,occurs_in_stage
707,1083,1,occurs_in_stage
261,1083,1,occurs_in_stage
530,1083,1,occurs_in_stage
358,1083,3,occurs_in_stage
165,1083,1,occurs_in_stage
853,1084,2,occurs_in_stage
707,1090,2,occurs_in_stage
206,1090,2,occurs_in_stage
786,1090,2,occurs_in_stage
847,1090,2,occurs_in_stage
617,1090,3,occurs_in_stage
235,1090,1,occurs_in_stage
156,1090,1,occurs_in_stage
778,1090,1,occurs_in_stage
833,1090,1,occurs_in_stage
975,1090,1,occurs_in_stage
333,1090,7,occurs_in_stage
954,1090,1,occurs_in_stage
482,1090,4,occurs_in_stage
969,1090,1,occurs_in_stage
353,1090,2,occurs_in_stage
531,1090,1,occurs_in_stage
578,1091,1,occurs_in_stage
706,1091,1,occurs_in_stage
530,1093,1,occurs_in_stage
594,1093,2,occurs_in_stage
447,1095,2,occurs_in_stage
342,1095,1,occurs_in_stage
40,1095,1,occurs_in_stage
630,1095,3,occurs_in_stage
556,1096,1,occurs_in_stage
707,1096,1,occurs_in_stage
802,1097,1,occurs_in_stage
751,1097,1,occurs_in_stage
786,1097,1,occurs_in_stage
146,1097,1,occurs_in_stage
402,1098,1,occurs_in_stage
447,1098,1,occurs_in_stage
158,1100,1,occurs_in_stage
680,1100,9,occurs_in_stage
637,1100,1,occurs_in_stage
252,1100,1,occurs_in_stage
931,1100,1,occurs_in_stage
854,1101,3,occurs_in_stage
233,1101,1,occurs_in_stage
680,1101,24,occurs_in_stage
432,1101,1,occurs_in_stage
786,1101,1,occurs_in_stage
276,1101,1,occurs_in_stage
517,1101,1,occurs_in_stage
717,1101,1,occurs_in_stage
161,1101,2,occurs_in_stage
920,1101,3,occurs_in_stage
112,1101,2,occurs_in_stage
352,1101,1,occurs_in_stage
735,1101,5,occurs_in_stage
678,1101,1,occurs_in_stage
844,1103,1,occurs_in_stage
669,1103,2,occurs_in_stage
542,1103,2,occurs_in_stage
182,1103,1,occurs_in_stage
226,1104,1,occurs_in_stage
939,1104,1,occurs_in_stage
542,1105,1,occurs_in_stage
938,1105,1,occurs_in_stage
215,1105,1,occurs_in_stage
746,1105,5,occurs_in_stage
501,1105,1,occurs_in_stage
307,1106,1,occurs_in_stage
542,1106,1,occurs_in_stage
680,1106,1,occurs_in_stage
79,1107,1,occurs_in_stage
899,1107,1,occurs_in_stage
821,1107,2,occurs_in_stage
530,1108,2,occurs_in_stage
974,1109,1,occurs_in_stage
307,1109,12,occurs_in_stage
425,1109,1,occurs_in_stage
236,1110,1,occurs_in_stage
645,1110,1,occurs_in_stage
909,1111,6,occurs_in_stage
621,1111,1,occurs_in_stage
707,1111,1,occurs_in_stage
594,1111,1,occurs_in_stage
734,1111,1,occurs_in_stage
607,1111,1,occurs_in_stage
710,1111,1,occurs_in_stage
90,1112,1,occurs_in_stage
4,1112,1,occurs_in_stage
829,1112,1,occurs_in_stage
34,1112,1,occurs_in_stage
192,1112,1,occurs_in_stage
85,1112,1,occurs_in_stage
472,1112,1,occurs_in_stage
511,1112,1,occurs_in_stage
847,1113,11,occurs_in_stage
716,1113,1,occurs_in_stage
112,1113,1,occurs_in_stage
343,1115,1,occurs_in_stage
149,1115,1,occurs_in_stage
97,1115,1,occurs_in_stage
900,1115,1,occurs_in_stage
972,1116,1,occurs_in_stage
454,1117,2,occurs_in_stage
530,1117,1,occurs_in_stage
568,1117,3,occurs_in_stage
551,1117,2,occurs_in_stage
402,1117,1,occurs_in_stage
467,1118,6,occurs_in_stage
595,1118,1,occurs_in_stage
508,1118,5,occurs_in_stage
234,1118,5,occurs_in_stage
95,1118,1,occurs_in_stage
743,1118,2,occurs_in_stage
588,1118,1,occurs_in_stage
64,1118,3,occurs_in_stage
907,1118,1,occurs_in_stage
175,1118,1,occurs_in_stage
269,1118,1,occurs_in_stage
68,1118,1,occurs_in_stage
205,1119,1,occurs_in_stage
530,1119,1,occurs_in_stage
6,1120,2,occurs_in_stage
680,1120,6,occurs_in_stage
16,1120,2,occurs_in_stage
252,1120,1,occurs_in_stage
589,1120,1,occurs_in_stage
64,1121,1,occurs_in_stage
609,1121,2,occurs_in_stage
712,1122,2,occurs_in_stage
889,1122,2,occurs_in_stage
805,1122,6,occurs_in_stage
907,1122,1,occurs_in_stage
414,1123,1,occurs_in_stage
530,1123,2,occurs_in_stage
16,1123,7,occurs_in_stage
960,1123,1,occurs_in_stage
707,1123,2,occurs_in_stage
885,1123,1,occurs_in_stage
165,1123,1,occurs_in_stage
346,1123,1,occurs_in_stage
4,1123,1,occurs_in_stage
447,1124,1,occurs_in_stage
367,1124,11,occurs_in_stage
351,1124,1,occurs_in_stage
137,1124,1,occurs_in_stage
259,1124,1,occurs_in_stage
543,1124,1,occurs_in_stage
589,1124,1,occurs_in_stage
61,1124,1,occurs_in_stage
735,1125,3,occurs_in_stage
530,1125,1,occurs_in_stage
195,1125,1,occurs_in_stage
380,1125,1,occurs_in_stage
786,1125,1,occurs_in_stage
180,1126,8,occurs_in_stage
373,1126,1,occurs_in_stage
466,1126,1,occurs_in_stage
253,1126,1,occurs_in_stage
970,1126,3,occurs_in_stage
763,1127,1,occurs_in_stage
664,1127,1,occurs_in_stage
64,1127,1,occurs_in_stage
277,1128,1,occurs_in_stage
506,1128,1,occurs_in_stage
680,1128,1,occurs_in_stage
796,1128,1,occurs_in_stage
900,1129,3,occurs_in_stage
404,1129,2,occurs_in_stage
564,1130,1,occurs_in_stage
406,1130,1,occurs_in_stage
884,1130,2,occurs_in_stage
968,1138,4,occurs_in_stage
728,1138,1,occurs_in_stage
77,1138,1,occurs_in_stage
108,1139,1,occurs_in_stage
200,1141,6,occurs_in_stage
613,1141,1,occurs_in_stage
735,1141,4,occurs_in_stage
112,1141,1,occurs_in_stage
366,1142,3,occurs_in_stage
11,1142,1,occurs_in_stage
106,1142,1,occurs_in_stage
55,1142,4,occurs_in_stage
685,1142,1,occurs_in_stage
102,1142,1,occurs_in_stage
847,1142,2,occurs_in_stage
79,1142,1,occurs_in_stage
707,1142,1,occurs_in_stage
831,1142,1,occurs_in_stage
907,1142,2,occurs_in_stage
530,1142,1,occurs_in_stage
680,1142,1,occurs_in_stage
505,1142,2,occurs_in_stage
323,1145,2,occurs_in_stage
98,1145,2,occurs_in_stage
316,1146,1,occurs_in_stage
444,1146,1,occurs_in_stage
380,1146,1,occurs_in_stage
427,1146,1,occurs_in_stage
874,1146,1,occurs_in_stage
604,1146,1,occurs_in_stage
269,1146,1,occurs_in_stage
407,1146,1,occurs_in_stage
180,1148,8,occurs_in_stage
779,1148,1,occurs_in_stage
373,1148,1,occurs_in_stage
435,1148,1,occurs_in_stage
151,1148,1,occurs_in_stage
293,1148,1,occurs_in_stage
944,1149,1,occurs_in_stage
626,1149,1,occurs_in_stage
36,1149,1,occurs_in_stage
805,1149,1,occurs_in_stage
180,1149,2,occurs_in_stage
274,1149,1,occurs_in_stage
404,1149,1,occurs_in_stage
69,1149,1,occurs_in_stage
797,1149,1,occurs_in_stage
589,1149,2,occurs_in_stage
550,1149,1,occurs_in_stage
907,1149,2,occurs_in_stage
590,1149,1,occurs_in_stage
71,1149,1,occurs_in_stage
617,1149,2,occurs_in_stage
707,1149,1,occurs_in_stage
374,1149,1,occurs_in_stage
511,1153,1,occurs_in_stage
565,1153,1,occurs_in_stage
609,1153,1,occurs_in_stage
4,1153,1,occurs_in_stage
447,1153,1,occurs_in_stage
208,1153,2,occurs_in_stage
121,1153,1,occurs_in_stage
320,1153,2,occurs_in_stage
467,1153,7,occurs_in_stage
707,1153,3,occurs_in_stage
323,1153,1,occurs_in_stage
791,1154,1,occurs_in_stage
175,1155,1,occurs_in_stage
64,1158,1,occurs_in_stage
321,1159,1,occurs_in_stage
752,1159,1,occurs_in_stage
704,1160,7,occurs_in_stage
609,1160,1,occurs_in_stage
496,1160,3,occurs_in_stage
481,1160,1,occurs_in_stage
657,1161,1,occurs_in_stage
746,1161,2,occurs_in_stage
362,1161,1,occurs_in_stage
448,1161,1,occurs_in_stage
603,1164,6,occurs_in_stage
889,1164,3,occurs_in_stage
238,1164,1,occurs_in_stage
320,1164,1,occurs_in_stage
456,1164,1,occurs_in_stage
140,1164,1,occurs_in_stage
28,1167,1,occurs_in_stage
900,1168,1,occurs_in_stage
857,1169,1,occurs_in_stage
789,1169,1,occurs_in_stage
190,1169,1,occurs_in_stage
707,1169,1,occurs_in_stage
680,1171,1,occurs_in_stage
511,1174,2,occurs_in_stage
217,1175,2,occurs_in_stage
23,1175,1,occurs_in_stage
551,1175,1,occurs_in_stage
553,1175,1,occurs_in_stage
92,1177,5,occurs_in_stage
451,1177,1,occurs_in_stage
786,1177,1,occurs_in_stage
257,1178,1,occurs_in_stage
475,1178,1,occurs_in_stage
179,1178,1,occurs_in_stage
518,1178,2,occurs_in_stage
644,1178,1,occurs_in_stage
855,1178,1,occurs_in_stage
639,1178,1,occurs_in_stage
393,1178,1,occurs_in_stage
379,1178,1,occurs_in_stage
677,1182,1,occurs_in_stage
894,1182,1,occurs_in_stage
471,1182,1,occurs_in_stage
536,1182,1,occurs_in_stage
787,1185,3,occurs_in_stage
680,1185,9,occurs_in_stage
847,1185,2,occurs_in_stage
791,1185,1,occurs_in_stage
530,1186,1,occurs_in_stage
680,1186,1,occurs_in_stage
882,1186,1,occurs_in_stage
609,1188,1,occurs_in_stage
135,1189,9,occurs_in_stage
682,1189,9,occurs_in_stage
529,1189,2,occurs_in_stage
538,1189,7,occurs_in_stage
699,1189,5,occurs_in_stage
269,1189,1,occurs_in_stage
878,1189,2,occurs_in_stage
839,1189,1,occurs_in_stage
42,1189,1,occurs_in_stage
900,1190,1,occurs_in_stage
606,1190,1,occurs_in_stage
933,1190,1,occurs_in_stage
898,1190,2,occurs_in_stage
380,1190,1,occurs_in_stage
680,1190,1,occurs_in_stage
16,1190,1,occurs_in_stage
707,1192,1,occurs_in_stage
404,1193,2,occurs_in_stage
281,1195,1,occurs_in_stage
707,1196,1,occurs_in_stage
4,1196,1,occurs_in_stage
970,1196,2,occurs_in_stage
745,1196,1,occurs_in_stage
34,1196,2,occurs_in_stage
969,1196,3,occurs_in_stage
534,1196,7,occurs_in_stage
783,1196,1,occurs_in_stage
665,1196,1,occurs_in_stage
915,1196,2,occurs_in_stage
165,1196,1,occurs_in_stage
805,1196,1,occurs_in_stage
798,1197,1,occurs_in_stage
963,1198,2,occurs_in_stage
884,1198,3,occurs_in_stage
4,1198,1,occurs_in_stage
905,1198,1,occurs_in_stage
21,1201,1,occurs_in_stage
239,1201,1,occurs_in_stage
697,1201,1,occurs_in_stage
915,1201,2,occurs_in_stage
64,1201,1,occurs_in_stage
951,1201,1,occurs_in_stage
780,1201,2,occurs_in_stage
356,1201,1,occurs_in_stage
175,1201,1,occurs_in_stage
907,1201,1,occurs_in_stage
680,1201,1,occurs_in_stage
328,1201,2,occurs_in_stage
964,1201,1,occurs_in_stage
329,1201,2,occurs_in_stage
558,1201,3,occurs_in_stage
468,1201,2,occurs_in_stage
380,1201,1,occurs_in_stage
366,1201,1,occurs_in_stage
707,1201,1,occurs_in_stage
680,1202,3,occurs_in_stage
900,1202,1,occurs_in_stage
584,1202,1,occurs_in_stage
260,1203,16,occurs_in_stage
822,1203,23,occurs_in_stage
213,1203,1,occurs_in_stage
880,1203,1,occurs_in_stage
201,1203,1,occurs_in_stage
601,1203,2,occurs_in_stage
262,1203,1,occurs_in_stage
581,1203,1,occurs_in_stage
184,1203,2,occurs_in_stage
113,1203,1,occurs_in_stage
680,1204,3,occurs_in_stage
907,1204,7,occurs_in_stage
269,1204,1,occurs_in_stage
952,1204,1,occurs_in_stage
347,1204,1,occurs_in_stage
16,1204,2,occurs_in_stage
791,1205,1,occurs_in_stage
704,1205,1,occurs_in_stage
773,1205,1,occurs_in_stage
531,1206,1,occurs_in_stage
467,1206,1,occurs_in_stage
79,1207,2,occurs_in_stage
527,1207,1,occurs_in_stage
412,1207,1,occurs_in_stage
707,1207,1,occurs_in_stage
488,1208,1,occurs_in_stage
889,1208,2,occurs_in_stage
540,1208,1,occurs_in_stage
907,1208,1,occurs_in_stage
102,1208,1,occurs_in_stage
827,1208,1,occurs_in_stage
244,1208,1,occurs_in_stage
860,1208,1,occurs_in_stage
1,1208,6,occurs_in_stage
547,1208,1,occurs_in_stage
370,1208,7,occurs_in_stage
940,1208,1,occurs_in_stage
24,1208,1,occurs_in_stage
707,1208,2,occurs_in_stage
476,1208,1,occurs_in_stage
930,1208,2,occurs_in_stage
906,1208,1,occurs_in_stage
974,1209,1,occurs_in_stage
707,1209,1,occurs_in_stage
661,1209,1,occurs_in_stage
611,1209,1,occurs_in_stage
404,1209,7,occurs_in_stage
609,1209,1,occurs_in_stage
900,1211,1,occurs_in_stage
707,1212,1,occurs_in_stage
900,1213,1,occurs_in_stage
819,1214,1,occurs_in_stage
851,1214,1,occurs_in_stage
324,1215,45,occurs_in_stage
950,1215,1,occurs_in_stage
594,1215,1,occurs_in_stage
609,1215,1,occurs_in_stage
553,1215,2,occurs_in_stage
936,1215,3,occurs_in_stage
474,1215,1,occurs_in_stage
786,1215,3,occurs_in_stage
4,1215,1,occurs_in_stage
165,1215,2,occurs_in_stage
109,1215,1,occurs_in_stage
519,1218,2,occurs_in_stage
346,1219,1,occurs_in_stage
980,1219,1,occurs_in_stage
180,1219,1,occurs_in_stage
680,1219,1,occurs_in_stage
805,1221,2,occurs_in_stage
79,1221,2,occurs_in_stage
889,1221,1,occurs_in_stage
887,1221,1,occurs_in_stage
907,1221,3,occurs_in_stage
112,1221,1,occurs_in_stage
670,1221,1,occurs_in_stage
971,1221,1,occurs_in_stage
323,1222,2,occurs_in_stage
959,1222,4,occurs_in_stage
707,1222,1,occurs_in_stage
799,1223,1,occurs_in_stage
869,1223,1,occurs_in_stage
200,1224,9,occurs_in_stage
567,1226,1,occurs_in_stage
671,1227,5,occurs_in_stage
393,1227,4,occurs_in_stage
87,1227,1,occurs_in_stage
757,1229,2,occurs_in_stage
6,1230,2,occurs_in_stage
376,1230,6,occurs_in_stage
847,1230,1,occurs_in_stage
608,1230,1,occurs_in_stage
572,1230,1,occurs_in_stage
152,1230,1,occurs_in_stage
531,1230,1,occurs_in_stage
115,1230,1,occurs_in_stage
828,1230,1,occurs_in_stage
256,1231,1,occurs_in_stage
545,1231,1,occurs_in_stage
452,1233,1,occurs_in_stage
380,1235,2,occurs_in_stage
884,1235,5,occurs_in_stage
916,1236,1,occurs_in_stage
4,1237,1,occurs_in_stage
609,1237,1,occurs_in_stage
143,1237,1,occurs_in_stage
922,1238,1,occurs_in_stage
356,1238,1,occurs_in_stage
79,1241,1,occurs_in_stage
621,1242,2,occurs_in_stage
507,1243,1,occurs_in_stage
392,1243,1,occurs_in_stage
64,1243,1,occurs_in_stage
595,1243,1,occurs_in_stage
934,1243,1,occurs_in_stage
432,1243,1,occurs_in_stage
57,1243,1,occurs_in_stage
839,1243,1,occurs_in_stage
333,1243,1,occurs_in_stage
523,1243,1,occurs_in_stage
707,1243,1,occurs_in_stage
707,1244,2,occurs_in_stage
152,1244,1,occurs_in_stage
907,1245,1,occurs_in_stage
164,1246,1,occurs_in_stage
795,1246,3,occurs_in_stage
64,1246,1,occurs_in_stage
295,1247,1,occurs_in_stage
931,1247,1,occurs_in_stage
772,1247,1,occurs_in_stage
596,1247,1,occurs_in_stage
704,1247,2,occurs_in_stage
227,1248,1,occurs_in_stage
673,1248,1,occurs_in_stage
356,1248,1,occurs_in_stage
621,1248,1,occurs_in_stage
112,1248,1,occurs_in_stage
844,1248,1,occurs_in_stage
323,1249,1,occurs_in_stage
917,1251,1,occurs_in_stage
713,1251,1,occurs_in_stage
468,1253,1,occurs_in_stage
380,1253,2,occurs_in_stage
942,1253,5,occurs_in_stage
900,1253,1,occurs_in_stage
707,1253,1,occurs_in_stage
66,1254,1,occurs_in_stage
907,1254,4,occurs_in_stage
915,1254,1,occurs_in_stage
423,1254,3,occurs_in_stage
335,1256,7,occurs_in_stage
173,1256,7,occurs_in_stage
503,1256,1,occurs_in_stage
554,1258,1,occurs_in_stage
680,1258,5,occurs_in_stage
847,1258,1,occurs_in_stage
771,1258,2,occurs_in_stage
251,1258,1,occurs_in_stage
396,1258,1,occurs_in_stage
126,1258,1,occurs_in_stage
252,1258,1,occurs_in_stage
8,1258,1,occurs_in_stage
525,1258,1,occurs_in_stage
102,1259,3,occurs_in_stage
468,1259,1,occurs_in_stage
954,1259,1,occurs_in_stage
264,1259,2,occurs_in_stage
214,1259,2,occurs_in_stage
79,1259,6,occurs_in_stage
636,1259,1,occurs_in_stage
926,1259,1,occurs_in_stage
301,1259,1,occurs_in_stage
219,1259,2,occurs_in_stage
826,1259,1,occurs_in_stage
681,1259,1,occurs_in_stage
707,1259,1,occurs_in_stage
686,1259,1,occurs_in_stage
311,1259,1,occurs_in_stage
228,1260,1,occurs_in_stage
12,1260,1,occurs_in_stage
884,1261,1,occurs_in_stage
567,1262,1,occurs_in_stage
5,1263,3,occurs_in_stage
323,1264,1,occurs_in_stage
768,1265,1,occurs_in_stage
364,1269,1,occurs_in_stage
881,1269,1,occurs_in_stage
509,1269,1,occurs_in_stage
64,1269,1,occurs_in_stage
265,1269,1,occurs_in_stage
323,1269,2,occurs_in_stage
79,1269,1,occurs_in_stage
707,1269,2,occurs_in_stage
976,1270,1,occurs_in_stage
310,1270,1,occurs_in_stage
25,1271,1,occurs_in_stage
856,1271,2,occurs_in_stage
404,1271,1,occurs_in_stage
46,1271,1,occurs_in_stage
175,1271,1,occurs_in_stage
953,1271,1,occurs_in_stage
510,1271,1,occurs_in_stage
464,1271,1,occurs_in_stage
719,1271,1,occurs_in_stage
437,1271,1,occurs_in_stage
558,1271,1,occurs_in_stage
729,1271,1,occurs_in_stage
900,1271,1,occurs_in_stage
663,1273,1,occurs_in_stage
900,1273,1,occurs_in_stage
884,1275,7,occurs_in_stage
530,1275,2,occurs_in_stage
580,1276,2,occurs_in_stage
707,1276,1,occurs_in_stage
609,1277,2,occurs_in_stage
283,1277,1,occurs_in_stage
312,1277,1,occurs_in_stage
945,1277,1,occurs_in_stage
911,1277,1,occurs_in_stage
542,1277,2,occurs_in_stage
359,1277,1,occurs_in_stage
908,1277,1,occurs_in_stage
300,1277,1,occurs_in_stage
81,1277,1,occurs_in_stage
651,1277,1,occurs_in_stage
970,1277,3,occurs_in_stage
853,1277,1,occurs_in_stage
349,1277,1,occurs_in_stage
530,1278,1,occurs_in_stage
793,1278,1,occurs_in_stage
895,1278,1,occurs_in_stage
701,1279,1,occurs_in_stage
707,1281,2,occurs_in_stage
553,1281,1,occurs_in_stage
561,1281,2,occurs_in_stage
249,1281,1,occurs_in_stage
530,1281,1,occurs_in_stage
404,1282,2,occurs_in_stage
708,1282,1,occurs_in_stage
576,1282,1,occurs_in_stage
555,1285,9,occurs_in_stage
46,1285,1,occurs_in_stage
100,1285,2,occurs_in_stage
50,1285,3,occurs_in_stage
473,1285,2,occurs_in_stage
627,1285,3,occurs_in_stage
202,1285,1,occurs_in_stage
287,1285,1,occurs_in_stage
79,1286,5,occurs_in_stage
64,1286,1,occurs_in_stage
110,1286,1,occurs_in_stage
957,1286,1,occurs_in_stage
884,1286,1,occurs_in_stage
530,1286,1,occurs_in_stage
4,1287,1,occurs_in_stage
530,1289,2,occurs_in_stage
272,1289,2,occurs_in_stage
530,1290,1,occurs_in_stage
6,1292,2,occurs_in_stage
404,1292,2,occurs_in_stage
577,1293,1,occurs_in_stage
267,1293,1,occurs_in_stage
34,1293,1,occurs_in_stage
984,1293,1,occurs_in_stage
320,1293,1,occurs_in_stage
360,1293,1,occurs_in_stage
447,1294,1,occurs_in_stage
680,1295,1,occurs_in_stage
679,1296,1,occurs_in_stage
784,1299,1,occurs_in_stage
447,1299,1,occurs_in_stage
468,1299,1,occurs_in_stage
685,1299,1,occurs_in_stage
159,1299,1,occurs_in_stage
876,1300,1,occurs_in_stage
426,1300,1,occurs_in_stage
558,1300,1,occurs_in_stage
4,1301,1,occurs_in_stage
704,1307,1,occurs_in_stage
512,1307,2,occurs_in_stage
511,1309,1,occurs_in_stage
126,1310,1,occurs_in_stage
965,1310,1,occurs_in_stage
585,1310,1,occurs_in_stage
791,1310,41,occurs_in_stage
649,1310,4,occurs_in_stage
884,1310,4,occurs_in_stage
754,1310,1,occurs_in_stage
531,1310,1,occurs_in_stage
221,1310,3,occurs_in_stage
115,1310,1,occurs_in_stage
43,1310,1,occurs_in_stage
394,1310,1,occurs_in_stage
447,1310,2,occurs_in_stage
534,1310,1,occurs_in_stage
261,1310,1,occurs_in_stage
75,1310,1,occurs_in_stage
707,1310,1,occurs_in_stage
770,1314,2,occurs_in_stage
931,1315,2,occurs_in_stage
39,1315,1,occurs_in_stage
530,1315,1,occurs_in_stage
323,1316,1,occurs_in_stage
707,1316,1,occurs_in_stage
962,1316,15,occurs_in_stage
240,1316,1,occurs_in_stage
498,1316,3,occurs_in_stage
850,1316,1,occurs_in_stage
722,1316,2,occurs_in_stage
667,1316,2,occurs_in_stage
800,1316,1,occurs_in_stage
548,1317,1,occurs_in_stage
845,1317,7,occurs_in_stage
907,1319,1,occurs_in_stage
890,1319,1,occurs_in_stage
755,1319,7,occurs_in_stage
104,1321,1,occurs_in_stage
79,1321,1,occurs_in_stage
138,1322,1,occurs_in_stage
761,1322,1,occurs_in_stage
812,1322,1,occurs_in_stage
76,1322,2,occurs_in_stage
307,1322,13,occurs_in_stage
482,1323,1,occurs_in_stage
55,1323,1,occurs_in_stage
468,1323,1,occurs_in_stage
786,1323,1,occurs_in_stage
586,1323,1,occurs_in_stage
203,1323,1,occurs_in_stage
867,1324,1,occurs_in_stage
294,1324,1,occurs_in_stage
424,1324,1,occurs_in_stage
381,1324,1,occurs_in_stage
489,1324,1,occurs_in_stage
4,1324,1,occurs_in_stage
188,1324,1,occurs_in_stage
483,1324,1,occurs_in_stage
124,1324,19,occurs_in_stage
500,1324,1,occurs_in_stage
791,1324,1,occurs_in_stage
900,1324,1,occurs_in_stage
302,1324,1,occurs_in_stage
209,1324,1,occurs_in_stage
157,1324,1,occurs_in_stage
675,1324,1,occurs_in_stage
254,1325,1,occurs_in_stage
918,1325,6,occurs_in_stage
415,1325,1,occurs_in_stage
530,1327,1,occurs_in_stage
299,1329,1,occurs_in_stage
805,1329,2,occurs_in_stage
786,1329,1,occurs_in_stage
704,1329,3,occurs_in_stage
511,1329,1,occurs_in_stage
970,1329,1,occurs_in_stage
404,1329,1,occurs_in_stage
519,1331,1,occurs_in_stage
685,1332,1,occurs_in_stage
847,1334,19,occurs_in_stage
304,1334,1,occurs_in_stage
700,1334,2,occurs_in_stage
707,1334,1,occurs_in_stage
430,1334,1,occurs_in_stage
350,1334,2,occurs_in_stage
866,1334,1,occurs_in_stage
583,1334,1,occurs_in_stage
404,1335,7,occurs_in_stage
169,1335,1,occurs_in_stage
740,1335,1,occurs_in_stage
199,1335,2,occurs_in_stage
610,1335,1,occurs_in_stage
93,1335,3,occurs_in_stage
131,1335,2,occurs_in_stage
546,1336,1,occurs_in_stage
277,1337,6,occurs_in_stage
707,1337,2,occurs_in_stage
305,1337,1,occurs_in_stage
786,1337,1,occurs_in_stage
830,1337,9,occurs_in_stage
275,1337,1,occurs_in_stage
553,1337,1,occurs_in_stage
4,1337,2,occurs_in_stage
612,1337,1,occurs_in_stage
245,1337,2,occurs_in_stage
361,1337,1,occurs_in_stage
884,1337,2,occurs_in_stage
942,1338,8,occurs_in_stage
64,1338,8,occurs_in_stage
420,1338,1,occurs_in_stage
165,1338,1,occurs_in_stage
707,1338,3,occurs_in_stage
687,1338,1,occurs_in_stage
210,1338,1,occurs_in_stage
246,1338,4,occurs_in_stage
915,1338,1,occurs_in_stage
672,1338,1,occurs_in_stage
447,1338,1,occurs_in_stage
961,1338,1,occurs_in_stage
567,1338,1,occurs_in_stage
786,1338,1,occurs_in_stage
815,1339,1,occurs_in_stage
884,1339,2,occurs_in_stage
904,1339,1,occurs_in_stage
530,1341,2,occurs_in_stage
419,1341,1,occurs_in_stage
34,1341,1,occurs_in_stage
91,1341,1,occurs_in_stage
465,1341,1,occurs_in_stage
980,1342,1,occurs_in_stage
447,1342,1,occurs_in_stage
171,1342,1,occurs_in_stage
436,1342,2,occurs_in_stage
206,1342,1,occurs_in_stage
739,1342,1,occurs_in_stage
367,1342,2,occurs_in_stage
197,1342,2,occurs_in_stage
297,1342,1,occurs_in_stage
6,1344,1,occurs_in_stage
597,1346,1,occurs_in_stage
836,1346,1,occurs_in_stage
82,1346,1,occurs_in_stage
224,1347,6,occurs_in_stage
133,1347,1,occurs_in_stage
486,1350,1,occurs_in_stage
116,1350,1,occurs_in_stage
477,1350,1,occurs_in_stage
482,1353,6,occurs_in_stage
571,1353,1,occurs_in_stage
980,1353,1,occurs_in_stage
434,1353,1,occurs_in_stage
530,1355,2,occurs_in_stage
165,1355,1,occurs_in_stage
786,1355,1,occurs_in_stage
336,1357,1,occurs_in_stage
366,1357,1,occurs_in_stage
457,1358,1,occurs_in_stage
609,1359,3,occurs_in_stage
919,1359,1,occurs_in_stage
372,1359,1,occurs_in_stage
883,1359,1,occurs_in_stage
365,1359,1,occurs_in_stage
976,1359,1,occurs_in_stage
306,1359,1,occurs_in_stage
974,1360,1,occurs_in_stage
73,1361,1,occurs_in_stage
955,1361,1,occurs_in_stage
380,1362,1,occurs_in_stage
915,1362,3,occurs_in_stage
99,1362,1,occurs_in_stage
17,1362,2,occurs_in_stage
260,1362,1,occurs_in_stage
376,1364,6,occurs_in_stage
124,1364,2,occurs_in_stage
779,1364,2,occurs_in_stage
356,1364,3,occurs_in_stage
170,1364,1,occurs_in_stage
226,1365,6,occurs_in_stage
659,1366,3,occurs_in_stage
293,1367,2,occurs_in_stage
805,1367,1,occurs_in_stage
531,1368,1,occurs_in_stage
847,1370,2,occurs_in_stage
618,1370,1,occurs_in_stage
511,1372,1,occurs_in_stage
420,1372,1,occurs_in_stage
680,1375,1,occurs_in_stage
704,1375,1,occurs_in_stage
769,1375,2,occurs_in_stage
420,1375,1,occurs_in_stage
172,1375,1,occurs_in_stage
2,1376,26,occurs_in_stage
658,1376,1,occurs_in_stage
861,1376,4,occurs_in_stage
460,1376,9,occurs_in_stage
543,1376,3,occurs_in_stage
117,1376,2,occurs_in_stage
399,1376,1,occurs_in_stage
380,1379,1,occurs_in_stage
180,1380,1,occurs_in_stage
388,1380,1,occurs_in_stage
680,1380,3,occurs_in_stage
654,1382,14,occurs_in_stage
954,1382,8,occurs_in_stage
376,1382,5,occurs_in_stage
271,1382,2,occurs_in_stage
12,1382,1,occurs_in_stage
417,1382,1,occurs_in_stage
37,1383,7,occurs_in_stage
515,1383,1,occurs_in_stage
198,1383,1,occurs_in_stage
680,1383,1,occurs_in_stage
380,1383,1,occurs_in_stage
253,1383,1,occurs_in_stage
328,1384,1,occurs_in_stage
974,1384,1,occurs_in_stage
309,1384,2,occurs_in_stage
279,1384,1,occurs_in_stage
840,1388,1,occurs_in_stage
401,1388,1,occurs_in_stage
64,1389,5,occurs_in_stage
805,1389,1,occurs_in_stage
707,1389,1,occurs_in_stage
394,1390,2,occurs_in_stage
166,1391,2,occurs_in_stage
592,1394,1,occurs_in_stage
707,1394,2,occurs_in_stage
175,1396,1,occurs_in_stage
785,1396,2,occurs_in_stage
172,1396,1,occurs_in_stage
521,1396,2,occurs_in_stage
744,1396,1,occurs_in_stage
308,1396,1,occurs_in_stage
147,1396,1,occurs_in_stage
653,1396,1,occurs_in_stage
769,1396,2,occurs_in_stage
598,1396,3,occurs_in_stage
461,1396,1,occurs_in_stage
838,1396,1,occurs_in_stage
67,1396,2,occurs_in_stage
845,1397,1,occurs_in_stage
977,1398,1,occurs_in_stage
573,1398,1,occurs_in_stage
322,1398,8,occurs_in_stage
794,1398,5,occurs_in_stage
105,1398,1,occurs_in_stage
640,1398,1,occurs_in_stage
704,1398,3,occurs_in_stage
937,1398,1,occurs_in_stage
409,1398,1,occurs_in_stage
702,1400,14,occurs_in_stage
513,1400,1,occurs_in_stage
603,1400,2,occurs_in_stage
706,1401,1,occurs_in_stage
167,1402,1,occurs_in_stage
620,1402,1,occurs_in_stage
353,1402,1,occurs_in_stage
440,1402,1,occurs_in_stage
439,1402,1,occurs_in_stage
788,1402,1,occurs_in_stage
6,1402,1,occurs_in_stage
680,1402,2,occurs_in_stage
774,1402,1,occurs_in_stage
706,1402,1,occurs_in_stage
544,1402,1,occurs_in_stage
530,1405,1,occurs_in_stage
363,1405,1,occurs_in_stage
165,1405,1,occurs_in_stage
884,1406,2,occurs_in_stage
530,1410,1,occurs_in_stage
595,1411,1,occurs_in_stage
834,1411,1,occurs_in_stage
707,1411,1,occurs_in_stage
900,1411,1,occurs_in_stage
843,1411,1,occurs_in_stage
614,1413,1,occurs_in_stage
680,1413,5,occurs_in_stage
981,1413,1,occurs_in_stage
530,1414,1,occurs_in_stage
747,1416,2,occurs_in_stage
64,1416,1,occurs_in_stage
530,1417,1,occurs_in_stage
319,1421,2,occurs_in_stage
594,1424,1,occurs_in_stage
502,1424,2,occurs_in_stage
357,1426,2,occurs_in_stage
884,1427,2,occurs_in_stage
707,1429,1,occurs_in_stage
69,1429,1,occurs_in_stage
756,1430,1,occurs_in_stage
932,1430,1,occurs_in_stage
714,1430,1,occurs_in_stage
429,1430,1,occurs_in_stage
587,1430,1,occurs_in_stage
368,1430,1,occurs_in_stage
51,1430,3,occurs_in_stage
764,1430,1,occurs_in_stage
139,1430,2,occurs_in_stage
963,1430,1,occurs_in_stage
124,1430,1,occurs_in_stage
837,1430,1,occurs_in_stage
738,1430,1,occurs_in_stage
707,1430,1,occurs_in_stage
177,1430,4,occurs_in_stage
28,1430,1,occurs_in_stage
62,1430,1,occurs_in_stage
211,1430,1,occurs_in_stage
144,1430,1,occurs_in_stage
253,1430,1,occurs_in_stage
680,1430,1,occurs_in_stage
225,1430,1,occurs_in_stage
873,1430,1,occurs_in_stage
638,1430,3,occurs_in_stage
226,1430,1,occurs_in_stage
522,1430,1,occurs_in_stage
703,1430,3,occurs_in_stage
341,1430,2,occurs_in_stage
397,1431,1,occurs_in_stage
673,1431,1,occurs_in_stage
530,1434,1,occurs_in_stage
194,1434,4,occurs_in_stage
864,1434,1,occurs_in_stage
206,1434,1,occurs_in_stage
212,1435,1,occurs_in_stage
786,1435,1,occurs_in_stage
707,1435,2,occurs_in_stage
141,1436,2,occurs_in_stage
704,1436,1,occurs_in_stage
447,1436,1,occurs_in_stage
402,1436,2,occurs_in_stage
326,1437,1,occurs_in_stage
451,1437,1,occurs_in_stage
334,1437,1,occurs_in_stage
288,1437,1,occurs_in_stage
956,1437,1,occurs_in_stage
394,1437,1,occurs_in_stage
45,1437,1,occurs_in_stage
420,1437,1,occurs_in_stage
431,1437,1,occurs_in_stage
531,1438,1,occurs_in_stage
291,1438,1,occurs_in_stage
707,1438,1,occurs_in_stage
125,1438,1,occurs_in_stage
786,1438,1,occurs_in_stage
332,1438,1,occurs_in_stage
589,1443,1,occurs_in_stage
358,1444,1,occurs_in_stage
79,1445,1,occurs_in_stage
963,1445,4,occurs_in_stage
136,1445,1,occurs_in_stage
823,1445,1,occurs_in_stage
695,1446,1,occurs_in_stage
596,1448,1,occurs_in_stage
307,1448,4,occurs_in_stage
853,1448,1,occurs_in_stage
153,1448,1,occurs_in_stage
809,1448,1,occurs_in_stage
64,1448,6,occurs_in_stage
18,1448,1,occurs_in_stage
111,1448,2,occurs_in_stage
542,1448,3,occurs_in_stage
549,1448,1,occurs_in_stage
983,1448,1,occurs_in_stage
680,1448,1,occurs_in_stage
629,1449,1,occurs_in_stage
531,1449,1,occurs_in_stage
677,1449,1,occurs_in_stage
707,1450,1,occurs_in_stage
323,1450,1,occurs_in_stage
358,1457,1,occurs_in_stage
539,1458,5,occurs_in_stage
35,1460,1,occurs_in_stage
680,1460,1,occurs_in_stage
915,1460,2,occurs_in_stage
266,1461,1,occurs_in_stage
901,1461,1,occurs_in_stage
531,1462,1,occurs_in_stage
29,1463,13,occurs_in_stage
247,1463,15,occurs_in_stage
803,1463,1,occurs_in_stage
832,1463,1,occurs_in_stage
318,1463,2,occurs_in_stage
647,1463,1,occurs_in_stage
27,1463,1,occurs_in_stage
327,1463,1,occurs_in_stage
707,1464,1,occurs_in_stage
589,1464,1,occurs_in_stage
385,1464,1,occurs_in_stage
817,1466,1,occurs_in_stage
342,1466,1,occurs_in_stage
404,1467,2,occurs_in_stage
12,1468,3,occurs_in_stage
813,1468,1,occurs_in_stage
256,1468,2,occurs_in_stage
859,1470,1,occurs_in_stage
715,1470,1,occurs_in_stage
223,1470,1,occurs_in_stage
447,1470,1,occurs_in_stage
680,1470,1,occurs_in_stage
704,1470,1,occurs_in_stage
824,1470,1,occurs_in_stage
204,1470,1,occurs_in_stage
907,1470,1,occurs_in_stage
739,1470,1,occurs_in_stage
216,1470,1,occurs_in_stage
328,1472,4,occurs_in_stage
910,1472,1,occurs_in_stage
447,1473,1,occurs_in_stage
680,1473,3,occurs_in_stage
231,1473,1,occurs_in_stage
531,1473,1,occurs_in_stage
786,1473,3,occurs_in_stage
337,1473,1,occurs_in_stage
277,1473,1,occurs_in_stage
112,1473,2,occurs_in_stage
346,1473,1,occurs_in_stage
220,1473,1,occurs_in_stage
790,1473,1,occurs_in_stage
353,1473,1,occurs_in_stage
241,1473,2,occurs_in_stage
542,1473,1,occurs_in_stage
553,1473,1,occurs_in_stage
160,1473,1,occurs_in_stage
530,1473,1,occurs_in_stage
897,1473,1,occurs_in_stage
841,1474,2,occurs_in_stage
455,1474,1,occurs_in_stage
707,1476,1,occurs_in_stage
786,1476,1,occurs_in_stage
278,1476,1,occurs_in_stage
665,1476,1,occurs_in_stage
805,1476,1,occurs_in_stage
790,1476,2,occurs_in_stage
371,1476,1,occurs_in_stage
984,1476,1,occurs_in_stage
136,1477,1,occurs_in_stage
112,1478,2,occurs_in_stage
680,1478,1,occurs_in_stage
792,1478,1,occurs_in_stage
974,1481,1,occurs_in_stage
775,1482,2,occurs_in_stage
13,1482,2,occurs_in_stage
871,1482,1,occurs_in_stage
704,1482,1,occurs_in_stage
79,1482,1,occurs_in_stage
685,1482,2,occurs_in_stage
534,1482,1,occurs_in_stage
603,1482,1,occurs_in_stage
853,1482,1,occurs_in_stage
680,1482,1,occurs_in_stage
759,1482,1,occurs_in_stage
680,1483,4,occurs_in_stage
85,1483,1,occurs_in_stage
541,1483,1,occurs_in_stage
690,1483,1,occurs_in_stage
592,1484,1,occurs_in_stage
403,1484,1,occurs_in_stage
821,1484,1,occurs_in_stage
124,1484,1,occurs_in_stage
369,1484,1,occurs_in_stage
530,1484,2,occurs_in_stage
70,1484,1,occurs_in_stage
242,1484,1,occurs_in_stage
725,1487,8,occurs_in_stage
293,1487,2,occurs_in_stage
73,1487,1,occurs_in_stage
680,1487,1,occurs_in_stage
142,1487,1,occurs_in_stage
14,1487,1,occurs_in_stage
375,1487,1,occurs_in_stage
124,1487,1,occurs_in_stage
323,1488,2,occurs_in_stage
707,1488,1,occurs_in_stage
380,1488,2,occurs_in_stage
530,1491,2,occurs_in_stage
725,1493,3,occurs_in_stage
124,1493,1,occurs_in_stage
884,1494,3,occurs_in_stage
293,1494,1,occurs_in_stage
609,1495,3,occurs_in_stage
181,1496,4,occurs_in_stage
83,1498,1,occurs_in_stage
185,1498,3,occurs_in_stage
115,1499,1,occurs_in_stage
342,1499,1,occurs_in_stage
746,1499,1,occurs_in_stage
445,1500,1,occurs_in_stage
323,1500,1,occurs_in_stage
556,1500,1,occurs_in_stage
64,1501,2,occurs_in_stage
376,1501,1,occurs_in_stage
655,1501,1,occurs_in_stage
973,1502,1,occurs_in_stage
516,1503,1,occurs_in_stage
106,1503,1,occurs_in_stage
646,1503,5,occurs_in_stage
176,1503,1,occurs_in_stage
284,1503,1,occurs_in_stage
786,1503,1,occurs_in_stage
853,1503,1,occurs_in_stage
285,1504,2,occurs_in_stage
356,1504,1,occurs_in_stage
863,1504,1,occurs_in_stage
569,1504,1,occurs_in_stage
235,1504,1,occurs_in_stage
958,1508,3,occurs_in_stage
862,1508,1,occurs_in_stage
595,1508,1,occurs_in_stage
112,1508,1,occurs_in_stage
382,1508,1,occurs_in_stage
670,1508,1,occurs_in_stage
60,1509,1,occurs_in_stage
884,1509,2,occurs_in_stage
193,1510,1,occurs_in_stage
366,1510,1,occurs_in_stage
978,1510,1,occurs_in_stage
791,1510,1,occurs_in_stage
258,1510,1,occurs_in_stage
786,1510,1,occurs_in_stage
676,1511,1,occurs_in_stage
358,1511,2,occurs_in_stage
891,1512,1,occurs_in_stage
707,1512,1,occurs_in_stage
480,1512,1,occurs_in_stage
179,1512,2,occurs_in_stage
760,1513,1,occurs_in_stage
0,1513,1,occurs_in_stage
438,1513,1,occurs_in_stage
730,1513,5,occurs_in_stage
79,1513,6,occurs_in_stage
684,1513,1,occurs_in_stage
786,1513,1,occurs_in_stage
120,1513,1,occurs_in_stage
884,1513,1,occurs_in_stage
484,1513,2,occurs_in_stage
107,1513,1,occurs_in_stage
168,1513,1,occurs_in_stage
568,1513,1,occurs_in_stage
518,1513,3,occurs_in_stage
704,1513,3,occurs_in_stage
185,1513,1,occurs_in_stage
656,1513,2,occurs_in_stage
825,1513,1,occurs_in_stage
591,1513,1,occurs_in_stage
64,1513,1,occurs_in_stage
902,1513,1,occurs_in_stage
642,1513,1,occurs_in_stage
480,1513,1,occurs_in_stage
600,1513,2,occurs_in_stage
706,1513,1,occurs_in_stage
954,1513,1,occurs_in_stage
979,1513,1,occurs_in_stage
255,1513,1,occurs_in_stage
633,1513,1,occurs_in_stage
921,1513,1,occurs_in_stage
634,1513,1,occurs_in_stage
34,1513,1,occurs_in_stage
150,1513,1,occurs_in_stage
537,1513,1,occurs_in_stage
330,1513,1,occurs_in_stage
84,1513,1,occurs_in_stage
951,1513,1,occurs_in_stage
694,1513,1,occurs_in_stage
134,1513,1,occurs_in_stage
530,1513,1,occurs_in_stage
707,1513,1,occurs_in_stage
78,1514,1,occurs_in_stage
980,1514,1,occurs_in_stage
530,1516,1,occurs_in_stage
277,1517,1,occurs_in_stage
237,1517,1,occurs_in_stage
178,1517,1,occurs_in_stage
531,1519,1,occurs_in_stage
301,1519,1,occurs_in_stage
707,1519,4,occurs_in_stage
328,1519,1,occurs_in_stage
595,1519,1,occurs_in_stage
942,1519,1,occurs_in_stage
537,1519,1,occurs_in_stage
685,1519,1,occurs_in_stage
786,1519,1,occurs_in_stage
95,1520,1,occurs_in_stage
115,1521,1,occurs_in_stage
736,1521,1,occurs_in_stage
599,1521,1,occurs_in_stage
745,1521,1,occurs_in_stage
969,1521,1,occurs_in_stage
34,1521,2,occurs_in_stage
124,1521,1,occurs_in_stage
421,1521,2,occurs_in_stage
744,1521,3,occurs_in_stage
231,1521,1,occurs_in_stage
19,1521,1,occurs_in_stage
256,1521,1,occurs_in_stage
534,1521,1,occurs_in_stage
449,1521,1,occurs_in_stage
405,1521,2,occurs_in_stage
595,1521,1,occurs_in_stage
929,1521,1,occurs_in_stage
805,1521,1,occurs_in_stage
386,1521,1,occurs_in_stage
889,1521,1,occurs_in_stage
187,1521,1,occurs_in_stage
847,1521,2,occurs_in_stage
774,1521,1,occurs_in_stage
235,1522,1,occurs_in_stage
380,1522,1,occurs_in_stage
422,1522,1,occurs_in_stage
938,1522,1,occurs_in_stage
7,1522,1,occurs_in_stage
298,1523,1,occurs_in_stage
853,1524,1,occurs_in_stage
87,1526,1,occurs_in_stage
30,1527,6,occurs_in_stage
641,1528,1,occurs_in_stage
394,1531,15,occurs_in_stage
348,1531,12,occurs_in_stage
479,1531,1,occurs_in_stage
680,1531,1,occurs_in_stage
148,1531,1,occurs_in_stage
915,1533,1,occurs_in_stage
528,1533,1,occurs_in_stage
680,1533,3,occurs_in_stage
726,1533,1,occurs_in_stage
94,1533,1,occurs_in_stage
530,1533,1,occurs_in_stage
164,1533,1,occurs_in_stage
260,1537,3,occurs_in_stage
123,1537,1,occurs_in_stage
822,1537,12,occurs_in_stage
38,1538,4,occurs_in_stage
635,1538,1,occurs_in_stage
189,1538,1,occurs_in_stage
485,1538,1,occurs_in_stage
786,1538,1,occurs_in_stage
596,1540,2,occurs_in_stage
826,1540,1,occurs_in_stage
707,1540,2,occurs_in_stage
443,1540,1,occurs_in_stage
124,1541,2,occurs_in_stage
643,1541,1,occurs_in_stage
112,1541,1,occurs_in_stage
663,1543,1,occurs_in_stage
530,1543,2,occurs_in_stage
358,1543,1,occurs_in_stage
680,1544,1,occurs_in_stage
602,1544,2,occurs_in_stage
222,1544,1,occurs_in_stage
742,1544,1,occurs_in_stage
72,1544,10,occurs_in_stage
912,1544,1,occurs_in_stage
380,1544,2,occurs_in_stage
831,1544,1,occurs_in_stage
704,1544,1,occurs_in_stage
888,1546,1,occurs_in_stage
835,1546,1,occurs_in_stage
984,1546,1,occurs_in_stage
103,1546,2,occurs_in_stage
469,1546,2,occurs_in_stage
487,1546,2,occurs_in_stage
767,1546,1,occurs_in_stage
849,1546,1,occurs_in_stage
900,1549,1,occurs_in_stage
164,1550,1,occurs_in_stage
97,1551,28,occurs_in_stage
383,1551,2,occurs_in_stage
838,1551,1,occurs_in_stage
532,1551,2,occurs_in_stage
662,1551,1,occurs_in_stage
164,1551,1,occurs_in_stage
465,1551,1,occurs_in_stage
182,1551,1,occurs_in_stage
576,1551,1,occurs_in_stage
913,1552,3,occurs_in_stage
559,1552,4,occurs_in_stage
387,1552,1,occurs_in_stage
718,1552,12,occurs_in_stage
155,1552,1,occurs_in_stage
707,1552,1,occurs_in_stage
560,1555,1,occurs_in_stage
380,1556,1,occurs_in_stage
904,1557,1,occurs_in_stage
531,1557,1,occurs_in_stage
685,1557,1,occurs_in_stage
459,1557,1,occurs_in_stage
206,1557,1,occurs_in_stage
741,1559,2,occurs_in_stage
680,1559,1,occurs_in_stage
707,1559,1,occurs_in_stage
404,1559,1,occurs_in_stage
270,1562,1,occurs_in_stage
533,1562,1,occurs_in_stage
33,1562,1,occurs_in_stage
781,1563,1,occurs_in_stage
338,1563,1,occurs_in_stage
668,1563,1,occurs_in_stage
55,1564,1,occurs_in_stage
706,1564,5,occurs_in_stage
9,1564,1,occurs_in_stage
377,1564,1,occurs_in_stage
574,1564,1,occurs_in_stage
530,1568,1,occurs_in_stage
530,1570,1,occurs_in_stage
753,1570,1,occurs_in_stage
163,1570,1,occurs_in_stage
609,1570,1,occurs_in_stage
154,1571,1,occurs_in_stage
462,1571,1,occurs_in_stage
805,1572,1,occurs_in_stage
884,1572,3,occurs_in_stage
395,1572,2,occurs_in_stage
868,1572,36,occurs_in_stage
32,1572,1,occurs_in_stage
250,1572,8,occurs_in_stage
896,1572,1,occurs_in_stage
707,1572,2,occurs_in_stage
786,1573,1,occurs_in_stage
376,1575,3,occurs_in_stage
670,1575,1,occurs_in_stage
419,1575,1,occurs_in_stage
328,1575,1,occurs_in_stage
408,1575,1,occurs_in_stage
166,1576,2,occurs_in_stage
900,1577,14,occurs_in_stage
838,1577,1,occurs_in_stage
680,1578,1,occurs_in_stage
707,1578,1,occurs_in_stage
355,1580,1,occurs_in_stage
447,1581,2,occurs_in_stage
884,1582,1,occurs_in_stage
623,1583,1,occurs_in_stage
704,1583,1,occurs_in_stage
666,1583,2,occurs_in_stage
896,1583,1,occurs_in_stage
79,1583,4,occurs_in_stage
578,1583,1,occurs_in_stage
492,1587,4,occurs_in_stage
810,1587,1,occurs_in_stage
820,1587,1,occurs_in_stage
127,1588,3,occurs_in_stage
804,1588,7,occurs_in_stage
877,1588,2,occurs_in_stage
665,1588,1,occurs_in_stage
122,1589,1,occurs_in_stage
542,1589,1,occurs_in_stage
411,1589,1,occurs_in_stage
378,1589,1,occurs_in_stage
91,1591,2,occurs_in_stage
450,1592,16,occurs_in_stage
530,1592,1,occurs_in_stage
707,1592,1,occurs_in_stage
289,1592,4,occurs_in_stage
782,1592,1,occurs_in_stage
530,1593,5,occurs_in_stage
47,1593,1,occurs_in_stage
688,1593,1,occurs_in_stage
52,1594,1,occurs_in_stage
544,1596,2,occurs_in_stage
6,1596,3,occurs_in_stage
947,1596,1,occurs_in_stage
380,1596,1,occurs_in_stage
594,1596,2,occurs_in_stage
903,1596,1,occurs_in_stage
112,1596,1,occurs_in_stage
293,1597,1,occurs_in_stage
907,1597,16,occurs_in_stage
900,1597,1,occurs_in_stage
660,1597,1,occurs_in_stage
229,1597,1,occurs_in_stage
260,1597,3,occurs_in_stage
188,1597,2,occurs_in_stage
915,1598,1,occurs_in_stage
129,1598,1,occurs_in_stage
530,1599,2,occurs_in_stage
786,1600,1,occurs_in_stage
34,1600,1,occurs_in_stage
628,1600,1,occurs_in_stage
389,1601,1,occurs_in_stage
207,1601,7,occurs_in_stage
79,1601,1,occurs_in_stage
458,1601,1,occurs_in_stage
69,1601,1,occurs_in_stage
566,1601,12,occurs_in_stage
707,1601,1,occurs_in_stage
704,1601,5,occurs_in_stage
915,1601,2,occurs_in_stage
589,1601,2,occurs_in_stage
165,1601,1,occurs_in_stage
696,1601,1,occurs_in_stage
670,1601,1,occurs_in_stage
491,1601,1,occurs_in_stage
231,1601,1,occurs_in_stage
680,1601,2,occurs_in_stage
34,1601,1,occurs_in_stage
974,1601,2,occurs_in_stage
711,1601,1,occurs_in_stage
530,1601,1,occurs_in_stage
857,1603,1,occurs_in_stage
26,1603,2,occurs_in_stage
707,1604,2,occurs_in_stage
750,1604,1,occurs_in_stage
358,1605,1,occurs_in_stage
467,1605,4,occurs_in_stage
442,1605,1,occurs_in_stage
312,1607,1,occurs_in_stage
707,1607,2,occurs_in_stage
542,1607,1,occurs_in_stage
74,1607,2,occurs_in_stage
907,1607,5,occurs_in_stage
490,1607,1,occurs_in_stage
631,1607,1,occurs_in_stage
704,1607,4,occurs_in_stage
58,1607,1,occurs_in_stage
482,1607,4,occurs_in_stage
915,1607,3,occurs_in_stage
535,1607,1,occurs_in_stage
826,1607,1,occurs_in_stage
969,1607,1,occurs_in_stage
980,1607,2,occurs_in_stage
958,1607,1,occurs_in_stage
34,1607,1,occurs_in_stage
593,1607,1,occurs_in_stage
948,1607,1,occurs_in_stage
428,1607,1,occurs_in_stage
625,1607,1,occurs_in_stage
562,1607,1,occurs_in_stage
20,1607,4,occurs_in_stage
280,1607,1,occurs_in_stage
870,1607,1,occurs_in_stage
526,1608,1,occurs_in_stage
112,1608,1,occurs_in_stage
805,1609,5,occurs_in_stage
963,1609,2,occurs_in_stage
766,1609,1,occurs_in_stage
87,1610,1,occurs_in_stage
232,1612,1,occurs_in_stage
884,1612,1,occurs_in_stage
804,1612,1,occurs_in_stage
707,1612,1,occurs_in_stage
814,1616,2,occurs_in_stage
521,1617,3,occurs_in_stage
390,1617,1,occurs_in_stage
340,1617,1,occurs_in_stage
974,1617,1,occurs_in_stage
458,1617,1,occurs_in_stage
879,1617,1,occurs_in_stage
707,1618,1,occurs_in_stage
530,1618,1,occurs_in_stage
609,1618,1,occurs_in_stage
735,1619,1,occurs_in_stage
943,1619,1,occurs_in_stage
358,1620,1,occurs_in_stage
495,1620,1,occurs_in_stage
175,1620,1,occurs_in_stage
511,1620,2,occurs_in_stage
268,1620,1,occurs_in_stage
925,1620,1,occurs_in_stage
980,1621,3,occurs_in_stage
530,1623,2,occurs_in_stage
884,1624,1,occurs_in_stage
499,1624,1,occurs_in_stage
707,1624,1,occurs_in_stage
191,1624,1,occurs_in_stage
530,1624,1,occurs_in_stage
847,1624,2,occurs_in_stage
893,1624,1,occurs_in_stage
520,1624,1,occurs_in_stage
534,1624,3,occurs_in_stage
969,1624,1,occurs_in_stage
970,1624,1,occurs_in_stage
186,1624,1,occurs_in_stage
622,1624,3,occurs_in_stage
79,1624,1,occurs_in_stage
34,1624,1,occurs_in_stage
264,1624,1,occurs_in_stage
374,1624,2,occurs_in_stage
180,1624,1,occurs_in_stage
619,1624,1,occurs_in_stage
704,1624,1,occurs_in_stage
709,1624,1,occurs_in_stage
946,1624,1,occurs_in_stage
124,1624,3,occurs_in_stage
119,1624,1,occurs_in_stage
514,1624,1,occurs_in_stage
467,1629,1,occurs_in_stage
413,1629,1,occurs_in_stage
727,1629,1,occurs_in_stage
595,1629,1,occurs_in_stage
706,1629,1,occurs_in_stage
805,1630,7,occurs_in_stage
287,1630,1,occurs_in_stage
48,1630,1,occurs_in_stage
64,1630,2,occurs_in_stage
112,1630,1,occurs_in_stage
816,1630,2,occurs_in_stage
530,1630,1,occurs_in_stage
920,1633,2,occurs_in_stage
188,1634,1,occurs_in_stage
410,1635,2,occurs_in_stage
786,1635,1,occurs_in_stage
339,1635,1,occurs_in_stage
433,1636,1,occurs_in_stage
323,1636,6,occurs_in_stage
358,1636,1,occurs_in_stage
733,1636,1,occurs_in_stage
573,1637,3,occurs_in_stage
707,1637,1,occurs_in_stage
162,1637,1,occurs_in_stage
915,1638,1,occurs_in_stage
731,1638,5,occurs_in_stage
524,1638,8,occurs_in_stage
846,1638,1,occurs_in_stage
3,1638,1,occurs_in_stage
152,1639,3,occurs_in_stage
68,1639,2,occurs_in_stage
744,1639,2,occurs_in_stage
706,1639,4,occurs_in_stage
31,1640,1,occurs_in_stage
570,1640,1,occurs_in_stage
786,1640,1,occurs_in_stage
670,1640,3,occurs_in_stage
530,1640,1,occurs_in_stage
323,1640,3,occurs_in_stage
826,1640,1,occurs_in_stage
404,1641,2,occurs_in_stage
907,1642,1,occurs_in_stage
530,1642,1,occurs_in_stage
394,1643,1,occurs_in_stage
218,1643,1,occurs_in_stage
468,1643,1,occurs_in_stage
416,1643,1,occurs_in_stage
34,1643,1,occurs_in_stage
272,1644,1,occurs_in_stage
493,1645,1,occurs_in_stage
777,1645,1,occurs_in_stage
530,1648,1,occurs_in_stage
707,1648,1,occurs_in_stage
518,1652,1,occurs_in_stage
680,1652,2,occurs_in_stage
970,1653,2,occurs_in_stage
818,1653,1,occurs_in_stage
34,1653,2,occurs_in_stage
106,1653,11,occurs_in_stage
683,1653,2,occurs_in_stage
907,1653,3,occurs_in_stage
530,1653,1,occurs_in_stage
811,1653,1,occurs_in_stage
404,1654,1,occurs_in_stage
79,1654,1,occurs_in_stage
504,1655,1,occurs_in_stage
441,1655,3,occurs_in_stage
865,1655,3,occurs_in_stage
53,1655,2,occurs_in_stage
317,1655,1,occurs_in_stage
97,1655,1,occurs_in_stage
852,1655,1,occurs_in_stage
180,1655,8,occurs_in_stage
273,1655,1,occurs_in_stage
982,1655,1,occurs_in_stage
391,1655,2,occurs_in_stage
56,1655,1,occurs_in_stage
923,1655,2,occurs_in_stage
80,1655,2,occurs_in_stage
884,1655,1,occurs_in_stage
847,1655,1,occurs_in_stage
112,1655,2,occurs_in_stage
331,1655,1,occurs_in_stage
248,1655,1,occurs_in_stage
374,1655,2,occurs_in_stage
818,1655,1,occurs_in_stage
858,1655,1,occurs_in_stage
398,1655,2,occurs_in_stage
63,1655,1,occurs_in_stage
388,1655,1,occurs_in_stage
125,1655,1,occurs_in_stage
805,1655,1,occurs_in_stage
780,1655,1,occurs_in_stage
307,1655,1,occurs_in_stage
124,1655,1,occurs_in_stage
101,1655,1,occurs_in_stage
966,1655,1,occurs_in_stage
676,1655,1,occurs_in_stage
875,1655,1,occurs_in_stage
478,1655,1,occurs_in_stage
680,1655,1,occurs_in_stage
183,1655,1,occurs_in_stage
689,1658,1,occurs_in_stage
79,1658,1,occurs_in_stage
974,1658,1,occurs_in_stage
707,1658,1,occurs_in_stage
530,1659,1,occurs_in_stage
315,1660,1,occurs_in_stage
847,1661,2,occurs_in_stage
292,1662,1,occurs_in_stage
807,1662,1,occurs_in_stage
118,1662,1,occurs_in_stage
54,1662,3,occurs_in_stage
542,1662,2,occurs_in_stage
68,1662,1,occurs_in_stage
594,1664,1,occurs_in_stage
