Id,Label,Type
0,granatbaum,Pflanze-Lemma
1,knäuel,Pflanze-Lemma
2,parasol,Pflanze-Lemma
3,mehlwurm,Pflanze-Lemma
4,reis,Pflanze-Lemma
5,mandarin,Pflanze-Lemma
6,teeblätter,Pflanze-Lemma
7,rosette,Pflanze-Lemma
8,erlenbusch,Pflanze-Lemma
9,garnknäuel,Pflanze-Lemma
10,korbe,Pflanze-Lemma
11,lilie,Pflanze-Lemma
12,baumstämme,Pflanze-Lemma
13,brosamen,Pflanze-Lemma
14,baumkrone,Pflanze-Lemma
15,pflug,Pflanze-Lemma
16,rosenessenz,Pflanze-Lemma
17,baumgang,Pflanze-Lemma
18,gärtner,Pflanze-Lemma
19,kräuter,Pflanze-Lemma
20,sichel,Pflanze-Lemma
21,buch,Pflanze-Lemma
22,heuschuppe,Pflanze-Lemma
23,parkbaum,Pflanze-Lemma
24,oleanderbaum,Pflanze-Lemma
25,baumallee,Pflanze-Lemma
26,baumstümpf,Pflanze-Lemma
27,geigenstrich,Pflanze-Lemma
28,flora,Pflanze-Lemma
29,stroh,Pflanze-Lemma
30,litanei,Pflanze-Lemma
31,paravent,Pflanze-Lemma
32,birkenrut,Pflanze-Lemma
33,baumkron,Pflanze-Lemma
34,laurett,Pflanze-Lemma
35,drange,Pflanze-Lemma
36,buschenlaube,Pflanze-Lemma
37,kameel,Pflanze-Lemma
38,zorn,Pflanze-Lemma
39,weidenkorb,Pflanze-Lemma
40,kartoffel,Pflanze-Lemma
41,weidengebüsch,Pflanze-Lemma
42,muschel,Pflanze-Lemma
43,fliederbaum,Pflanze-Lemma
44,amazonen,Pflanze-Lemma
45,blühdorn,Pflanze-Lemma
46,been,Pflanze-Lemma
47,spirwes,Pflanze-Lemma
48,lorbeerbäum,Pflanze-Lemma
49,lenore,Pflanze-Lemma
50,büschel,Pflanze-Lemma
51,erdäpfel,Pflanze-Lemma
52,rosenkränze,Pflanze-Lemma
53,hagebuttenkränzchen,Pflanze-Lemma
54,gestatt,Pflanze-Lemma
55,knoll,Pflanze-Lemma
56,salome,Pflanze-Lemma
57,venusstatue,Pflanze-Lemma
58,tulpenstrauß,Pflanze-Lemma
59,hafi,Pflanze-Lemma
60,rosenkranzes,Pflanze-Lemma
61,perside,Pflanze-Lemma
62,blumengewinde,Pflanze-Lemma
63,palmenzweig,Pflanze-Lemma
64,blümlein,Pflanze-Lemma
65,gänsefed,Pflanze-Lemma
66,obstbäume,Pflanze-Lemma
67,ambivar,Pflanze-Lemma
68,trieb,Pflanze-Lemma
69,stämmen,Pflanze-Lemma
70,sternblume,Pflanze-Lemma
71,rüben,Pflanze-Lemma
72,smyrnateppich,Pflanze-Lemma
73,mangold,Pflanze-Lemma
74,äolsharfe,Pflanze-Lemma
75,sträuchern,Pflanze-Lemma
76,krautes,Pflanze-Lemma
77,kirschholz,Pflanze-Lemma
78,krauthäupel,Pflanze-Lemma
79,baumgut,Pflanze-Lemma
80,gestrüpp,Pflanze-Lemma
81,mandane,Pflanze-Lemma
82,rettich,Pflanze-Lemma
83,schilf,Pflanze-Lemma
84,blumentöpfe,Pflanze-Lemma
85,blumenvase,Pflanze-Lemma
86,weißbuchengebüsch,Pflanze-Lemma
87,staude,Pflanze-Lemma
88,schenk,Pflanze-Lemma
89,araukarium,Pflanze-Lemma
90,astarte,Pflanze-Lemma
91,iris,Pflanze-Lemma
92,kastilier,Pflanze-Lemma
93,prunkgefäße,Pflanze-Lemma
94,blumentopf,Pflanze-Lemma
95,staudengewächse,Pflanze-Lemma
96,reinette-apfel,Pflanze-Lemma
97,schlinggewächsen,Pflanze-Lemma
98,blumenpracht,Pflanze-Lemma
99,weihnachtsbaum,Pflanze-Lemma
100,fliederbusch,Pflanze-Lemma
101,föhr,Pflanze-Lemma
102,nüss,Pflanze-Lemma
103,rosenstöcke,Pflanze-Lemma
104,georgi,Pflanze-Lemma
105,laubwänder,Pflanze-Lemma
106,blüthenzweige,Pflanze-Lemma
107,buchen,Pflanze-Lemma
108,margiana,Pflanze-Lemma
109,weide,Pflanze-Lemma
110,getreide,Pflanze-Lemma
111,obstkörben,Pflanze-Lemma
112,birkenzweig,Pflanze-Lemma
113,blätterspiel,Pflanze-Lemma
114,zelinde,Pflanze-Lemma
115,palmbaum,Pflanze-Lemma
116,laubwerk,Pflanze-Lemma
117,zweyt,Pflanze-Lemma
118,kern,Pflanze-Lemma
119,maur,Pflanze-Lemma
120,lorbeerkränze,Pflanze-Lemma
121,krapfen,Pflanze-Lemma
122,furie,Pflanze-Lemma
123,krokus,Pflanze-Lemma
124,veilchen,Pflanze-Lemma
125,baumwuch,Pflanze-Lemma
126,bethe,Pflanze-Lemma
127,hopsa,Pflanze-Lemma
128,rosenstrauche,Pflanze-Lemma
129,erdbeer,Pflanze-Lemma
130,blütenstrauß,Pflanze-Lemma
131,leine,Pflanze-Lemma
132,kokotte,Pflanze-Lemma
133,feigenbäumen,Pflanze-Lemma
134,blumentisches,Pflanze-Lemma
135,lindenbaum,Pflanze-Lemma
136,wendelborn,Pflanze-Lemma
137,zweigesang,Pflanze-Lemma
138,rose,Pflanze-Lemma
139,blumenstock,Pflanze-Lemma
140,astragalus,Pflanze-Lemma
141,rosenbouquet,Pflanze-Lemma
142,rat,Pflanze-Lemma
143,veilchenparfüm,Pflanze-Lemma
144,blumenvasen,Pflanze-Lemma
145,rosenkranz,Pflanze-Lemma
146,federsträuße,Pflanze-Lemma
147,weizen,Pflanze-Lemma
148,baumgruppe,Pflanze-Lemma
149,büsche,Pflanze-Lemma
150,sellerie,Pflanze-Lemma
151,feig,Pflanze-Lemma
152,bäume,Pflanze-Lemma
153,wurzel,Pflanze-Lemma
154,baumstumpf,Pflanze-Lemma
155,läut,Pflanze-Lemma
156,sumpf,Pflanze-Lemma
157,hollund,Pflanze-Lemma
158,crucifix,Pflanze-Lemma
159,kornblume,Pflanze-Lemma
160,gras,Pflanze-Lemma
161,kränz,Pflanze-Lemma
162,mandel,Pflanze-Lemma
163,platane,Pflanze-Lemma
164,psalter,Pflanze-Lemma
165,apfel,Pflanze-Lemma
166,laubengang,Pflanze-Lemma
167,rasenstreif,Pflanze-Lemma
168,glocke,Pflanze-Lemma
169,prügelholz,Pflanze-Lemma
170,laubenwand,Pflanze-Lemma
171,buxbaum,Pflanze-Lemma
172,weihnachtsbäumche,Pflanze-Lemma
173,spinat,Pflanze-Lemma
174,gebüschen,Pflanze-Lemma
175,betschemel,Pflanze-Lemma
176,bockshorn,Pflanze-Lemma
177,dorn,Pflanze-Lemma
178,blumengefäß,Pflanze-Lemma
179,buchsgesträuch,Pflanze-Lemma
180,palmbusche,Pflanze-Lemma
181,blütenzweig,Pflanze-Lemma
182,brie,Pflanze-Lemma
183,wein,Pflanze-Lemma
184,radiana,Pflanze-Lemma
185,strohwisch,Pflanze-Lemma
186,pflanzenornamentik,Pflanze-Lemma
187,rosengebüsch,Pflanze-Lemma
188,kiefer,Pflanze-Lemma
189,palmengewächse,Pflanze-Lemma
190,cypres,Pflanze-Lemma
191,nadel,Pflanze-Lemma
192,simplizius,Pflanze-Lemma
193,elstern,Pflanze-Lemma
194,beere,Pflanze-Lemma
195,korallenzweig,Pflanze-Lemma
196,baum,Pflanze-Lemma
197,louisdoren,Pflanze-Lemma
198,kirsche,Pflanze-Lemma
199,büst,Pflanze-Lemma
200,meuternd,Pflanze-Lemma
201,blumenkorbe,Pflanze-Lemma
202,bort,Pflanze-Lemma
203,laubgäng,Pflanze-Lemma
204,äste,Pflanze-Lemma
205,livree,Pflanze-Lemma
206,eichenkranz,Pflanze-Lemma
207,rosenstaude,Pflanze-Lemma
208,rosl,Pflanze-Lemma
209,vegetation,Pflanze-Lemma
210,pistol,Pflanze-Lemma
211,beeren,Pflanze-Lemma
212,verschwornen,Pflanze-Lemma
213,pilz,Pflanze-Lemma
214,blumengebüsche,Pflanze-Lemma
215,nelk,Pflanze-Lemma
216,baumgange,Pflanze-Lemma
217,tannenzweig,Pflanze-Lemma
218,strauche,Pflanze-Lemma
219,blumenstöck,Pflanze-Lemma
220,tannenbaum,Pflanze-Lemma
221,straus,Pflanze-Lemma
222,hirschgeweihen,Pflanze-Lemma
223,weinkelch,Pflanze-Lemma
224,hiob,Pflanze-Lemma
225,wildpret,Pflanze-Lemma
226,napolium,Pflanze-Lemma
227,lieschen,Pflanze-Lemma
228,pflaumen,Pflanze-Lemma
229,krabbe,Pflanze-Lemma
230,tannenstämm,Pflanze-Lemma
231,kranz,Pflanze-Lemma
232,granatenbaum,Pflanze-Lemma
233,gewächse,Pflanze-Lemma
234,hain,Pflanze-Lemma
235,ast,Pflanze-Lemma
236,lavendel,Pflanze-Lemma
237,baumes,Pflanze-Lemma
238,schwarzholz,Pflanze-Lemma
239,lilienkrone,Pflanze-Lemma
240,rosenstrauß,Pflanze-Lemma
241,halm,Pflanze-Lemma
242,fliehend,Pflanze-Lemma
243,erlen,Pflanze-Lemma
244,phaon,Pflanze-Lemma
245,coulisse,Pflanze-Lemma
246,busch,Pflanze-Lemma
247,wasserpflanz,Pflanze-Lemma
248,anemon,Pflanze-Lemma
249,federbusch,Pflanze-Lemma
250,balustrade,Pflanze-Lemma
251,baumgattunge,Pflanze-Lemma
252,gipfel,Pflanze-Lemma
253,narzisse,Pflanze-Lemma
254,weintrauben,Pflanze-Lemma
255,dornrose,Pflanze-Lemma
256,fittichen,Pflanze-Lemma
257,kipfel,Pflanze-Lemma
258,savage,Pflanze-Lemma
259,hortense,Pflanze-Lemma
260,wotan,Pflanze-Lemma
261,striese,Pflanze-Lemma
262,rosse,Pflanze-Lemma
263,äpfeln,Pflanze-Lemma
264,kelch,Pflanze-Lemma
265,greger,Pflanze-Lemma
266,knospe,Pflanze-Lemma
267,orang,Pflanze-Lemma
268,blumenblatt,Pflanze-Lemma
269,lorbeer,Pflanze-Lemma
270,holtvaagen,Pflanze-Lemma
271,waldbeeren,Pflanze-Lemma
272,amazone,Pflanze-Lemma
273,zweig,Pflanze-Lemma
274,flore,Pflanze-Lemma
275,eibe,Pflanze-Lemma
276,näpfel,Pflanze-Lemma
277,ahnfrau,Pflanze-Lemma
278,bancbanus,Pflanze-Lemma
279,fittig,Pflanze-Lemma
280,gesträuchen,Pflanze-Lemma
281,faustin,Pflanze-Lemma
282,birne,Pflanze-Lemma
283,nelke,Pflanze-Lemma
284,mangu,Pflanze-Lemma
285,lorbeerbaum,Pflanze-Lemma
286,moos,Pflanze-Lemma
287,laube,Pflanze-Lemma
288,blumenkörbe,Pflanze-Lemma
289,eichenholz,Pflanze-Lemma
290,ästchen,Pflanze-Lemma
291,rosen-bukett,Pflanze-Lemma
292,kraut,Pflanze-Lemma
293,baumwipfel,Pflanze-Lemma
294,blumenkränzen,Pflanze-Lemma
295,acazien,Pflanze-Lemma
296,totenblum,Pflanze-Lemma
297,mutter,Pflanze-Lemma
298,bäumche,Pflanze-Lemma
299,baumstamm,Pflanze-Lemma
300,rasensitz,Pflanze-Lemma
301,wurzelsepp,Pflanze-Lemma
302,palmzweig,Pflanze-Lemma
303,riesenlorbeerkränze,Pflanze-Lemma
304,chrysander,Pflanze-Lemma
305,maie,Pflanze-Lemma
306,orangerie,Pflanze-Lemma
307,isabellen,Pflanze-Lemma
308,blumenstöcke,Pflanze-Lemma
309,efeu,Pflanze-Lemma
310,rosenstock,Pflanze-Lemma
311,blumenbeete,Pflanze-Lemma
312,jesmin,Pflanze-Lemma
313,gewöhr,Pflanze-Lemma
314,fliederbüsche,Pflanze-Lemma
315,efeuund,Pflanze-Lemma
316,büste,Pflanze-Lemma
317,rosine,Pflanze-Lemma
318,genien,Pflanze-Lemma
319,meerrettich,Pflanze-Lemma
320,eulalien,Pflanze-Lemma
321,blumensträußchen,Pflanze-Lemma
322,moossitze,Pflanze-Lemma
323,koketterie,Pflanze-Lemma
324,eichholz,Pflanze-Lemma
325,hollunderstrauch,Pflanze-Lemma
326,pompadour,Pflanze-Lemma
327,kaffeebohn,Pflanze-Lemma
328,eichenkranze,Pflanze-Lemma
329,grasfleck,Pflanze-Lemma
330,rosensträuchern,Pflanze-Lemma
331,palm,Pflanze-Lemma
332,tulpe,Pflanze-Lemma
333,rebengelände,Pflanze-Lemma
334,gesträuch,Pflanze-Lemma
335,blumenkett,Pflanze-Lemma
336,blumengirlande,Pflanze-Lemma
337,haide,Pflanze-Lemma
338,myrte,Pflanze-Lemma
339,hecke,Pflanze-Lemma
340,sporne,Pflanze-Lemma
341,rundholz,Pflanze-Lemma
342,kreuzqueer,Pflanze-Lemma
343,blättert,Pflanze-Lemma
344,disticha,Pflanze-Lemma
345,blumensträuche,Pflanze-Lemma
346,zweiglein,Pflanze-Lemma
347,blattgewächse,Pflanze-Lemma
348,epheu,Pflanze-Lemma
349,lichtschweif,Pflanze-Lemma
350,papierblume,Pflanze-Lemma
351,blumenbank,Pflanze-Lemma
352,kürbisflasche,Pflanze-Lemma
353,gebüsche,Pflanze-Lemma
354,schlagbaum,Pflanze-Lemma
355,erbs,Pflanze-Lemma
356,beil,Pflanze-Lemma
357,sträuß,Pflanze-Lemma
358,artander,Pflanze-Lemma
359,birbant,Pflanze-Lemma
360,blumenstrauss,Pflanze-Lemma
361,thymian,Pflanze-Lemma
362,baumast,Pflanze-Lemma
363,kamille,Pflanze-Lemma
364,riedgras,Pflanze-Lemma
365,birn,Pflanze-Lemma
366,feigenbaumes,Pflanze-Lemma
367,birnbaum,Pflanze-Lemma
368,birk,Pflanze-Lemma
369,blumenkranz,Pflanze-Lemma
370,kürbisflasch,Pflanze-Lemma
371,granatapfel,Pflanze-Lemma
372,schwalbenkraut,Pflanze-Lemma
373,nußbaum,Pflanze-Lemma
374,eicheln,Pflanze-Lemma
375,tann,Pflanze-Lemma
376,blümenkörbchen,Pflanze-Lemma
377,blumenkrone,Pflanze-Lemma
378,raptus,Pflanze-Lemma
379,blätterwerk,Pflanze-Lemma
380,alpenros,Pflanze-Lemma
381,mephistopheles,Pflanze-Lemma
382,wurzelform,Pflanze-Lemma
383,aepfel,Pflanze-Lemma
384,palmenzweige,Pflanze-Lemma
385,max,Pflanze-Lemma
386,balustraden,Pflanze-Lemma
387,blumenthron,Pflanze-Lemma
388,eschenstamm,Pflanze-Lemma
389,busche,Pflanze-Lemma
390,weines,Pflanze-Lemma
391,rosmarinstrauß,Pflanze-Lemma
392,kratzfuß,Pflanze-Lemma
393,longinus,Pflanze-Lemma
394,büchlein,Pflanze-Lemma
395,gekränkt,Pflanze-Lemma
396,tan,Pflanze-Lemma
397,spinoza,Pflanze-Lemma
398,droom,Pflanze-Lemma
399,rosenranken,Pflanze-Lemma
400,topf,Pflanze-Lemma
401,feldblume,Pflanze-Lemma
402,gleichenbaum,Pflanze-Lemma
403,zwergbaum,Pflanze-Lemma
404,bündel,Pflanze-Lemma
405,eumenidum,Pflanze-Lemma
406,rosenschleier,Pflanze-Lemma
407,coulis,Pflanze-Lemma
408,alma,Pflanze-Lemma
409,eunuch,Pflanze-Lemma
410,äderch,Pflanze-Lemma
411,stamme,Pflanze-Lemma
412,gezweige,Pflanze-Lemma
413,kastanienbaum,Pflanze-Lemma
414,tamariskenstrauch,Pflanze-Lemma
415,hiesel,Pflanze-Lemma
416,rübezahl,Pflanze-Lemma
417,kranich,Pflanze-Lemma
418,holz,Pflanze-Lemma
419,apfelsin,Pflanze-Lemma
420,cherubsköpfen,Pflanze-Lemma
421,veilchenstrauß,Pflanze-Lemma
422,aloë,Pflanze-Lemma
423,weizenkörner,Pflanze-Lemma
424,tierteppich,Pflanze-Lemma
425,frühlingsblumen,Pflanze-Lemma
426,aloe,Pflanze-Lemma
427,rosenstrauch,Pflanze-Lemma
428,schmuk,Pflanze-Lemma
429,grüne,Pflanze-Lemma
430,bergstöck,Pflanze-Lemma
431,arno,Pflanze-Lemma
432,tannengehölz,Pflanze-Lemma
433,baumgarte,Pflanze-Lemma
434,stengel,Pflanze-Lemma
435,besen,Pflanze-Lemma
436,auster,Pflanze-Lemma
437,flieder,Pflanze-Lemma
438,lorbeerzweige,Pflanze-Lemma
439,rosett,Pflanze-Lemma
440,rosalind,Pflanze-Lemma
441,lauben,Pflanze-Lemma
442,verdi,Pflanze-Lemma
443,flottwell,Pflanze-Lemma
444,kohl,Pflanze-Lemma
445,fiedel,Pflanze-Lemma
446,pflanzenwuch,Pflanze-Lemma
447,höflinge,Pflanze-Lemma
448,nüs,Pflanze-Lemma
449,balken,Pflanze-Lemma
450,weinberl,Pflanze-Lemma
451,obstbaum,Pflanze-Lemma
452,baume,Pflanze-Lemma
453,astwerk,Pflanze-Lemma
454,blumenrabatte,Pflanze-Lemma
455,schilfgra,Pflanze-Lemma
456,schilfrohr,Pflanze-Lemma
457,eiche,Pflanze-Lemma
458,blumengewinden,Pflanze-Lemma
459,gurk,Pflanze-Lemma
460,ambos,Pflanze-Lemma
461,zedern,Pflanze-Lemma
462,däumelein,Pflanze-Lemma
463,feigenbaum,Pflanze-Lemma
464,hag,Pflanze-Lemma
465,süßholz,Pflanze-Lemma
466,kastanie,Pflanze-Lemma
467,stierhorn,Pflanze-Lemma
468,stelzfuß,Pflanze-Lemma
469,weine,Pflanze-Lemma
470,blätterrausche,Pflanze-Lemma
471,weinreben,Pflanze-Lemma
472,marianne,Pflanze-Lemma
473,frucht,Pflanze-Lemma
474,folioblätter,Pflanze-Lemma
475,saat,Pflanze-Lemma
476,gebüsch,Pflanze-Lemma
477,blüthen,Pflanze-Lemma
478,veilchensträuße,Pflanze-Lemma
479,pinium,Pflanze-Lemma
480,rosenthon,Pflanze-Lemma
481,gral,Pflanze-Lemma
482,blumenkränze,Pflanze-Lemma
483,bouteillen,Pflanze-Lemma
484,gesträuche,Pflanze-Lemma
485,kastanienbäum,Pflanze-Lemma
486,zypresse,Pflanze-Lemma
487,birke,Pflanze-Lemma
488,blumen-stellag,Pflanze-Lemma
489,gewäch,Pflanze-Lemma
490,wettergeläut,Pflanze-Lemma
491,alpenblume,Pflanze-Lemma
492,veilchenbouquet,Pflanze-Lemma
493,fistel,Pflanze-Lemma
494,lilien,Pflanze-Lemma
495,stamm,Pflanze-Lemma
496,waldgesträuch,Pflanze-Lemma
497,blümche,Pflanze-Lemma
498,ficken,Pflanze-Lemma
499,reb,Pflanze-Lemma
500,eichbaum,Pflanze-Lemma
501,weidenbaum,Pflanze-Lemma
502,kreuzquer,Pflanze-Lemma
503,aust,Pflanze-Lemma
504,fliegende,Pflanze-Lemma
505,laubenanlag,Pflanze-Lemma
506,fliederzweig,Pflanze-Lemma
507,foliant,Pflanze-Lemma
508,blatte,Pflanze-Lemma
509,gartenfrücht,Pflanze-Lemma
510,parnaß,Pflanze-Lemma
511,apollonia,Pflanze-Lemma
512,hauptgebäu,Pflanze-Lemma
513,christjanä,Pflanze-Lemma
514,lene,Pflanze-Lemma
515,lilienstengel,Pflanze-Lemma
516,osterglock,Pflanze-Lemma
517,rosenstöck,Pflanze-Lemma
518,rosenstengel,Pflanze-Lemma
519,rosensträucher,Pflanze-Lemma
520,feige,Pflanze-Lemma
521,wampum,Pflanze-Lemma
522,büschen,Pflanze-Lemma
523,hirse,Pflanze-Lemma
524,stammen,Pflanze-Lemma
525,brennessel,Pflanze-Lemma
526,gartenbaum,Pflanze-Lemma
527,linde,Pflanze-Lemma
528,rinde,Pflanze-Lemma
529,fruchtbäuma,Pflanze-Lemma
530,acta,Pflanze-Lemma
531,blumenarrangement,Pflanze-Lemma
532,christbaum,Pflanze-Lemma
533,dornenheck,Pflanze-Lemma
534,terebinthe,Pflanze-Lemma
535,fichtenholz,Pflanze-Lemma
536,ännchen,Pflanze-Lemma
537,geranke,Pflanze-Lemma
538,säule,Pflanze-Lemma
539,pflanzer,Pflanze-Lemma
540,saffian,Pflanze-Lemma
541,floras,Pflanze-Lemma
542,körting,Pflanze-Lemma
543,tanne,Pflanze-Lemma
544,flor,Pflanze-Lemma
545,topfgewächse,Pflanze-Lemma
546,gewächs,Pflanze-Lemma
547,blüte,Pflanze-Lemma
548,apfelrest,Pflanze-Lemma
549,blumensamo,Pflanze-Lemma
550,heu,Pflanze-Lemma
551,traube,Pflanze-Lemma
552,gerani,Pflanze-Lemma
553,kirschbaum,Pflanze-Lemma
554,reisig,Pflanze-Lemma
555,lindenast,Pflanze-Lemma
556,samenkörner,Pflanze-Lemma
557,minuett,Pflanze-Lemma
558,distichon,Pflanze-Lemma
559,melitte,Pflanze-Lemma
560,primislaus,Pflanze-Lemma
561,waldbaum,Pflanze-Lemma
562,marquise,Pflanze-Lemma
563,zwee,Pflanze-Lemma
564,tabakblätt,Pflanze-Lemma
565,oleandergebüsch,Pflanze-Lemma
566,zipfersaat,Pflanze-Lemma
567,mohrrübe,Pflanze-Lemma
568,heidekraut,Pflanze-Lemma
569,wedel,Pflanze-Lemma
570,beyde,Pflanze-Lemma
571,vleißen,Pflanze-Lemma
572,gemüsekörben,Pflanze-Lemma
573,dornrosen,Pflanze-Lemma
574,korn,Pflanze-Lemma
575,alcimna,Pflanze-Lemma
576,lanzknechte,Pflanze-Lemma
577,rasen,Pflanze-Lemma
578,blumentöpf,Pflanze-Lemma
579,strümpfen,Pflanze-Lemma
580,buchenlaub,Pflanze-Lemma
581,tannhäuser,Pflanze-Lemma
582,blattpflanzen,Pflanze-Lemma
583,ahorn,Pflanze-Lemma
584,extrablatt,Pflanze-Lemma
585,weimerian,Pflanze-Lemma
586,cylinderhut,Pflanze-Lemma
587,dornbüschen,Pflanze-Lemma
588,weint,Pflanze-Lemma
589,abendblätter,Pflanze-Lemma
590,hagebutt,Pflanze-Lemma
591,sträuchen,Pflanze-Lemma
592,binde,Pflanze-Lemma
593,blumenkrug,Pflanze-Lemma
594,citrone,Pflanze-Lemma
595,ähren,Pflanze-Lemma
596,lorbeerreissern,Pflanze-Lemma
597,eichenlaubkranz,Pflanze-Lemma
598,ataliba,Pflanze-Lemma
599,gewächshaus,Pflanze-Lemma
600,mostrich,Pflanze-Lemma
601,dore,Pflanze-Lemma
602,pappel,Pflanze-Lemma
603,fußteppich,Pflanze-Lemma
604,laub,Pflanze-Lemma
605,baruch,Pflanze-Lemma
606,christine,Pflanze-Lemma
607,gewächshauses,Pflanze-Lemma
608,wipfel,Pflanze-Lemma
609,geäst,Pflanze-Lemma
610,tannenreiser,Pflanze-Lemma
611,eppich,Pflanze-Lemma
612,satana,Pflanze-Lemma
613,esche,Pflanze-Lemma
614,eichbaumwipfel,Pflanze-Lemma
615,mohr,Pflanze-Lemma
616,grase,Pflanze-Lemma
617,rosengebüsche,Pflanze-Lemma
618,grasnarbe,Pflanze-Lemma
619,eichbaumes,Pflanze-Lemma
620,strauch,Pflanze-Lemma
621,blumenkörbchen,Pflanze-Lemma
622,weinlaube,Pflanze-Lemma
623,rasenbank,Pflanze-Lemma
624,baumiller,Pflanze-Lemma
625,linse,Pflanze-Lemma
626,lorbeere,Pflanze-Lemma
627,rasenden,Pflanze-Lemma
628,erdweibchen,Pflanze-Lemma
629,gurt,Pflanze-Lemma
630,palmzweige,Pflanze-Lemma
631,edelweißstrauß,Pflanze-Lemma
632,tomate,Pflanze-Lemma
633,aelteste,Pflanze-Lemma
634,rosengirland,Pflanze-Lemma
635,mastbaum,Pflanze-Lemma
636,rittersporn,Pflanze-Lemma
637,rundbank,Pflanze-Lemma
638,kunstblum,Pflanze-Lemma
639,teut,Pflanze-Lemma
640,cleanth,Pflanze-Lemma
641,hortensio,Pflanze-Lemma
642,zither,Pflanze-Lemma
643,schlingpflanzen,Pflanze-Lemma
644,medicin,Pflanze-Lemma
645,grasbund,Pflanze-Lemma
646,zitron,Pflanze-Lemma
647,gehölz,Pflanze-Lemma
648,strauß,Pflanze-Lemma
649,parzen,Pflanze-Lemma
650,datterich,Pflanze-Lemma
651,rosensträuchen,Pflanze-Lemma
652,lachsalve,Pflanze-Lemma
653,monokel,Pflanze-Lemma
654,blume,Pflanze-Lemma
655,getreidekörner,Pflanze-Lemma
656,roggenstroh,Pflanze-Lemma
657,obst,Pflanze-Lemma
658,span,Pflanze-Lemma
659,rebenumsponnene,Pflanze-Lemma
660,wild,Pflanze-Lemma
661,linden,Pflanze-Lemma
662,flugblatt,Pflanze-Lemma
663,alraune,Pflanze-Lemma
664,estrad,Pflanze-Lemma
665,baumzweige,Pflanze-Lemma
666,eichel,Pflanze-Lemma
667,wachruum,Pflanze-Lemma
668,garden,Pflanze-Lemma
669,wittbräuke,Pflanze-Lemma
670,feldrose,Pflanze-Lemma
671,bouteille,Pflanze-Lemma
672,fittiche,Pflanze-Lemma
673,grünzeug,Pflanze-Lemma
674,rosenstamm,Pflanze-Lemma
675,buschwerk,Pflanze-Lemma
676,rosenlaube,Pflanze-Lemma
677,cesarino,Pflanze-Lemma
678,blätterschatt,Pflanze-Lemma
679,gartenbäumen,Pflanze-Lemma
680,frücht,Pflanze-Lemma
681,rosalien,Pflanze-Lemma
682,feigenblatt,Pflanze-Lemma
683,baum-gart,Pflanze-Lemma
684,sträucher,Pflanze-Lemma
685,rosenbusch,Pflanze-Lemma
686,orangenbäumen,Pflanze-Lemma
687,gerippe,Pflanze-Lemma
688,trauerweiden,Pflanze-Lemma
689,blatt,Pflanze-Lemma
690,glockenblume,Pflanze-Lemma
691,drudenfußes,Pflanze-Lemma
692,rosalie,Pflanze-Lemma
693,blumentopfen,Pflanze-Lemma
694,holze,Pflanze-Lemma
695,buxbaumhecke,Pflanze-Lemma
696,fliederstrauß,Pflanze-Lemma
697,raupe,Pflanze-Lemma
698,major,Pflanze-Lemma
699,argos,Pflanze-Lemma
700,sopha,Pflanze-Lemma
701,ros,Pflanze-Lemma
702,blumenstrauß,Pflanze-Lemma
703,arleckin,Pflanze-Lemma
704,hornfanfaren,Pflanze-Lemma
705,notenblätter,Pflanze-Lemma
706,pflanze,Pflanze-Lemma
707,orangenzweig,Pflanze-Lemma
708,laubentisch,Pflanze-Lemma
709,cherubim,Pflanze-Lemma
710,pflaume,Pflanze-Lemma
711,hete,Pflanze-Lemma
712,olen,Pflanze-Lemma
713,gerümpel,Pflanze-Lemma
714,strauss,Pflanze-Lemma
715,weinlaub,Pflanze-Lemma
716,dorngestrüpp,Pflanze-Lemma
717,stachelgewächse,Pflanze-Lemma
718,pappe,Pflanze-Lemma
719,eschenstamme,Pflanze-Lemma
720,rebstück,Pflanze-Lemma
721,äpfel,Pflanze-Lemma
722,blumenhag,Pflanze-Lemma
723,palme,Pflanze-Lemma
724,gemüse,Pflanze-Lemma
725,knoblauch,Pflanze-Lemma
726,humpe,Pflanze-Lemma
727,kokott,Pflanze-Lemma
728,feigensträuch,Pflanze-Lemma
729,heune,Pflanze-Lemma
730,mauregato,Pflanze-Lemma
731,schnitzler-anatol.xml,Text
732,hofmannsthal-die-frau-im-fenster.xml,Text
733,nestroy-der-boese-geist-lumpazivagabundus.xml,Text
734,hofmannsthal-ariadne-auf-naxos.xml,Text
735,scheerbart-der-wetterfuerst.xml,Text
736,baeuerle-die-buerger-in-wien.xml,Text
737,sudermann-heimat.xml,Text
738,kleist-der-zerbrochene-krug.xml,Text
739,fock-cili-cohrs.xml,Text
740,hebbel-gyges-und-sein-ring.xml,Text
741,scheerbart-das-dumme-luder.xml,Text
742,weissenthurn-die-schwestern-st-janvier.xml,Text
743,wedekind-musik.xml,Text
744,pelzel-apolls-gericht-oder-das-bestrafte-vorurtheil-vindebonens.xml,Text
745,raimund-der-barometermacher-auf-der-zauberinsel.xml,Text
746,spiess-klara-von-hoheneichen.xml,Text
747,bunge-der-trompeter-von-saekkingen.xml,Text
748,ayrer-fassnachtspil-wie-einem-weib-jhr-eygener-mann.xml,Text
749,gryphius-catharina-von-georgien.xml,Text
750,achat-ein-april-scherz.xml,Text
751,nestroy-einen-jux-will-er-sich-machen.xml,Text
752,lenz-die-freunde-machen-den-philosophen.xml,Text
753,schiller-kabale-und-liebe.xml,Text
754,wildgans-armut.xml,Text
755,schnitzler-das-weite-land.xml,Text
756,ernst-die-groesste-suende.xml,Text
757,ludwig-die-makkabaeer.xml,Text
758,muehsam-staatsraeson.xml,Text
759,niebergall-datterich.xml,Text
760,muellner-die-schuld.xml,Text
761,wedekind-der-kammersaenger.xml,Text
762,laube-gottsched-und-gellert.xml,Text
763,raimund-der-diamant-des-geisterkoenigs.xml,Text
764,martini-rhynsolt-und-sapphira.xml,Text
765,babo-arno.xml,Text
766,lessing-miss-sara-sampson.xml,Text
767,hofmannsthal-der-rosenkavalier.xml,Text
768,ertler-anna-iwanowna.xml,Text
769,ebner-eschenbach-am-ende.xml,Text
770,schink-hanswurst-von-salzburg-mit-dem-hoelzernen-gat.xml,Text
771,holz-jerschke-traumulus.xml,Text
772,wedekind-die-buechse-der-pandora.xml,Text
773,chlumberg-die-fuehrer.xml,Text
774,leisewitz-die-pfandung.xml,Text
775,nestroy-der-talisman.xml,Text
776,klopstock-der-tod-abels.xml,Text
777,brandes-ariadne-auf-naxos.xml,Text
778,weissenthurn-das-manuscript.xml,Text
779,dauthendey-die-spielereien-einer-kaiserin.xml,Text
780,klinger-prinz-seiden-wurm-der-reformator.xml,Text
781,iffland-das-erbtheil-des-vaters.xml,Text
782,hauptmann-carl-die-armseligen-besenbinder.xml,Text
783,holz-sonnenfinsternis.xml,Text
784,krueger-die-geistlichen-auf-dem-lande.xml,Text
785,raupach-der-degen.xml,Text
786,hasenclever-der-sohn.xml,Text
787,moser-krieg-oder-frieden.xml,Text
788,stavenhagen-mudder-mews.xml,Text
789,klinger-simsone-grisaldo.xml,Text
790,goethe-die-mitschuldigen.xml,Text
791,lessing-der-freigeist.xml,Text
792,schoenthan-der-raub-der-sabinerinnen.xml,Text
793,hauptmann-gabriel-schillings-flucht.xml,Text
794,gutzkow-uriel-acosta.xml,Text
795,heyse-don-juans-ende.xml,Text
796,grillparzer-des-meeres-und-der-liebe-wellen.xml,Text
797,holz-schlaf-die-familie-selicke.xml,Text
798,chezy-euryanthe.xml,Text
799,hebbel-judith.xml,Text
800,goethe-iphigenie-auf-tauris.xml,Text
801,wieland-alceste.xml,Text
802,krueger-die-candidaten.xml,Text
803,kotzebue-die-alten-liebschaften.xml,Text
804,buechner-dantons-tod.xml,Text
805,koch-die-maennerfeindin.xml,Text
806,kleist-die-hermannsschlacht.xml,Text
807,hauptmann-carl-im-goldenen-tempel-buche-verzeichnet.xml,Text
808,sudermann-die-ehre.xml,Text
809,herzenskron-hoang-puff.xml,Text
810,weissenthurn-johann-herzog-von-finnland.xml,Text
811,kotzebue-die-deutschen-kleinstaedter.xml,Text
812,nestroy-das-haus-der-temperamente.xml,Text
813,ruederer-die-fahnenweihe.xml,Text
814,kupelwieser-fierrabras.xml,Text
815,panizza-das-liebeskonzil.xml,Text
816,benedix-johanna-sebus.xml,Text
817,ebner-eschenbach-bettelbriefe.xml,Text
818,heym-atalanta-oder-die-angst.xml,Text
819,gronemann-hamans-flucht.xml,Text
820,lessing-die-juden.xml,Text
821,larronge-mein-leopold.xml,Text
822,schouwaert-die-ueberschwemmung.xml,Text
823,gemmingen-hornberg-der-deutsche-hausvater.xml,Text
824,freytag-graf-waldemar.xml,Text
825,anzengruber-der-gwissenswurm.xml,Text
826,stramm-sancta-susanna.xml,Text
827,benedix-die-hochzeitsreise.xml,Text
828,nestroy-das-maedl-aus-der-vorstadt.xml,Text
829,wedekind-erdgeist.xml,Text
830,wedekind-koenig-nicolo.xml,Text
831,goentgen-anna-bell.xml,Text
832,heiseler-die-kinder-godunofs.xml,Text
833,lessing-philotas.xml,Text
834,gellert-die-zaertlichen-schwestern.xml,Text
835,lessing-der-misogyn.xml,Text
836,hofmannsthal-der-turm.xml,Text
837,klabund-der-kreidekreis.xml,Text
838,benedix-eigensinn.xml,Text
839,uhland-ludwig-der-bayer.xml,Text
840,neuber-die-beschuetzte-schauspielkunst.xml,Text
841,hagemann-ludwig-der-springer.xml,Text
842,wildgans-in-ewigkeit-amen.xml,Text
843,scheerbart-der-regierungswechsel.xml,Text
844,hebbel-der-diamant.xml,Text
845,nestroy-der-unbedeutende.xml,Text
846,kleist-das-kaethchen-von-heilbronn.xml,Text
847,grabbe-napoleon.xml,Text
848,dohm-vom-stamm-der-asra.xml,Text
849,weidmann-johann-faust.xml,Text
850,immermann-eudoxia.xml,Text
851,avenarius-faust.xml,Text
852,goethe-faust-in-urspruenglicher-gestalt.xml,Text
853,stramm-die-haidebraut.xml,Text
854,scheerbart-die-wurzeln-der-wohlhabenheit.xml,Text
855,kotzebue-der-verschwiegene-wider-willen.xml,Text
856,busoni-turandot.xml,Text
857,eichendorff-die-freier.xml,Text
858,hauptmann-carl-gaukler-tod-und-juwelier.xml,Text
859,klopstock-hermanns-schlacht.xml,Text
860,kotzebue-die-beiden-klingsberg.xml,Text
861,wohlbrueck-der-vampyr.xml,Text
862,weisse-atreus-und-thyest.xml,Text
863,lautensack-die-pfarrhauskomoedie.xml,Text
864,tieck-die-verkehrte-welt.xml,Text
865,kaiser-die-schule-des-armen.xml,Text
866,schiller-wilhelm-tell.xml,Text
867,heiseler-peter-und-alexej.xml,Text
868,benkowitz-die-jubelfeier-der-hoelle.xml,Text
869,birch-pfeiffer-pfeffer-roesel.xml,Text
870,dehmel-michel-michael.xml,Text
871,hauptmann-die-ratten.xml,Text
872,wagner-goetterdaemmerung.xml,Text
873,kaltneker-das-bergwerk.xml,Text
874,horvath-kasimir-und-karoline.xml,Text
875,klingemann-faust.xml,Text
876,ganghofer-der-herrgottschnitzer-von-ammergau.xml,Text
877,roeber-koenig-manfred.xml,Text
878,hebbel-trauerspiel-in-sizilien.xml,Text
879,thoma-magdalena.xml,Text
880,grohmann-wohlthat-fuer-wohlthat.xml,Text
881,schober-alfonso-und-estrella.xml,Text
882,gryphius-leo-armenius-oder-fuersten-mord.xml,Text
883,kotzebue-das-unsichtbare-maedchen.xml,Text
884,wieland-klementina-von-porretta.xml,Text
885,pfeffel-serena.xml,Text
886,kleist-die-familie-schroffenstein.xml,Text
887,schiller-wallensteins-tod.xml,Text
888,tieck-der-gestiefelte-kater.xml,Text
889,hartleben-die-sittliche-forderung.xml,Text
890,hofmannsthal-jedermann.xml,Text
891,scheerbart-der-schornsteinfeger.xml,Text
892,hauptmann-florian-geyer.xml,Text
893,wieland-lady-johanna-gray.xml,Text
894,wagner-die-walkuere.xml,Text
895,raimund-die-unheilbringende-zauberkrone.xml,Text
896,schlegel-die-entfuehrte-dose.xml,Text
897,lessing-damon.xml,Text
898,werner-der-vierundzwanzigste-februar.xml,Text
899,scheerbart-ruebezahl.xml,Text
900,gottschedin-die-pietisterey-im-fischbein-rocke.xml,Text
901,ertler-belian-und-marpalye.xml,Text
902,grohmann-gioconda-oder-weiberrache-kennt-keine-grenzen.xml,Text
903,lessing-nathan-der-weise.xml,Text
904,lautensack-hahnenkampf.xml,Text
905,gryphius-cardenio-und-celinde.xml,Text
906,frank-sturm-im-wasserglas.xml,Text
907,weise-masaniello.xml,Text
908,schiller-don-carlos-infant-von-spanien.xml,Text
909,lautensack-medusa.xml,Text
910,hafner-maegera-die-foerchterliche-hexe.xml,Text
911,scheerbart-lachende-gespenster.xml,Text
912,anonym-die-gespenster.xml,Text
913,schlegel-die-stumme-schoenheit.xml,Text
914,eckardt-die-vergiftete-traube.xml,Text
915,wagner-der-fliegende-hollaender.xml,Text
916,iffland-liebe-und-wille.xml,Text
917,grillparzer-sappho.xml,Text
918,ayrenhoff-virginia.xml,Text
919,ludwig-der-erbfoerster.xml,Text
920,rache-belsazar.xml,Text
921,essig-ueberteufel.xml,Text
922,weissenthurn-welche-ist-die-braut.xml,Text
923,thoma-erster-klasse.xml,Text
924,widmann-maikaefer-komoedie.xml,Text
925,scheerbart-die-lustigen-raeuber.xml,Text
926,grillparzer-ein-bruderzwist-in-habsburg.xml,Text
927,anonym-die-weiber-list.xml,Text
928,reuter-l-honnete-femme-oder-die-ehrliche-frau-zu-plissine.xml,Text
929,stephanie-der-schauspieldirektor.xml,Text
930,anonym-das-urtheil-des-paris.xml,Text
931,grabbe-die-hermannsschlacht.xml,Text
932,nestroy-freiheit-in-kraehwinkel.xml,Text
933,scheerbart-das-mirakel.xml,Text
934,hofmannsthal-der-schwierige.xml,Text
935,cronegk-codrus.xml,Text
936,hofmannsthal-die-frau-ohne-schatten.xml,Text
937,gehe-jessonda.xml,Text
938,wedekind-hidalla.xml,Text
939,leisewitz-julius-von-tarent.xml,Text
940,ebner-eschenbach-ihre-schwester.xml,Text
941,neuber-die-verehrung-der-vollkommenheit.xml,Text
942,birch-pfeiffer-die-walpurgisnacht.xml,Text
943,wagner-die-reue-nach-der-that.xml,Text
944,blumenthal-im-weissen-roessl.xml,Text
945,gottsched-der-sterbende-cato.xml,Text
946,cronegk-der-misstrauische.xml,Text
947,lasker-schueler-die-wupper.xml,Text
948,schiller-die-raeuber.xml,Text
949,zschokke-abellino.xml,Text
950,grabbe-kaiser-heinrich-der-sechste.xml,Text
951,gryphius-verlibtes-gespenste-die-gelibte-dornrose.xml,Text
952,wagner-die-kindermoerderin.xml,Text
953,hebbel-kriemhilds-rache.xml,Text
954,kurz-prinzessin-pumphia.xml,Text
955,eichendorff-das-incognito.xml,Text
956,gerstenberg-ugolino.xml,Text
957,schiller-die-verschwoerung-des-fiesco-zu-genua.xml,Text
958,anzengruber-der-meineidbauer.xml,Text
959,stramm-erwachen.xml,Text
960,thoma-moral.xml,Text
961,birch-pfeiffer-vatersorgen.xml,Text
962,frech-von-ehrimfeld-die-gefahr.xml,Text
963,reinhardt-die-braut-des-echos.xml,Text
964,ebner-eschenbach-die-veilchen.xml,Text
965,alberti-brot.xml,Text
966,schlegel-alarcos.xml,Text
967,schikaneder-die-zauberfloete.xml,Text
968,kaiser-stadt-und-land.xml,Text
969,collin-coriolan.xml,Text
970,schiller-die-piccolomini.xml,Text
971,kotzebue-wer-weiss-wozu-das-gut-ist.xml,Text
972,anzengruber-die-kreuzelschreiber.xml,Text
973,platen-die-verhaengnisvolle-gabel.xml,Text
974,lessing-der-junge-gelehrte.xml,Text
975,goethe-der-buergergeneral.xml,Text
976,raimund-der-verschwender.xml,Text
977,neuber-das-schaeferfest.xml,Text
978,waldvogl-die-falschen-banknoten.xml,Text
979,kafka-der-gruftwaechter.xml,Text
980,schnitzler-die-letzten-masken.xml,Text
981,devrient-die-gunst-des-augenblicks.xml,Text
982,weidmann-der-selbstmord-oder-der-unglueckliche-lottospieler.xml,Text
983,gotter-der-dorfjahrmarkt.xml,Text
984,fouque-sigurds-rache.xml,Text
985,chezy-der-neue-narziss.xml,Text
986,schlegel-dueval-und-charmille.xml,Text
987,goethe-der-triumph-der-empfindsamkeit.xml,Text
988,goethe-der-grosskophta.xml,Text
989,lenz-pandaemonium-germanicum.xml,Text
990,hofmannsthal-das-bergwerk-zu-falun.xml,Text
991,grabbe-don-juan-und-faust.xml,Text
992,schnitzler-der-gruene-kakadu.xml,Text
993,eckartshausen-der-pudelhund.xml,Text
994,maler-mueller-golo-und-genovefa.xml,Text
995,schnitzler-liebelei.xml,Text
996,goethe-torquato-tasso.xml,Text
997,kotzebue-der-schutzgeist.xml,Text
998,kotzebue-der-freimaurer.xml,Text
999,rosenow-die-im-schatten-leben.xml,Text
1000,gryphius-absurda-comica-oder-herr-peter-squentz.xml,Text
1001,herzl-der-fluechtling.xml,Text
1002,benedix-doctor-wespe.xml,Text
1003,lassalle-franz-von-sickingen.xml,Text
1004,grabbe-hannibal.xml,Text
1005,wagner-siegfried.xml,Text
1006,gessner-evander-und-alcimna.xml,Text
1007,hebbel-maria-magdalene.xml,Text
1008,schnitzler-komtesse-mizzi.xml,Text
1009,dery-die-selige-insel.xml,Text
1010,musil-die-schwaermer.xml,Text
1011,gutzkow-das-urbild-des-tartueffe.xml,Text
1012,bauernfeld-industrie-und-herz.xml,Text
1013,sander-die-hoftrauer-oder-das-testament.xml,Text
1014,reinick-genoveva.xml,Text
1015,bahr-das-phantom.xml,Text
1016,scheerbart-der-herr-vom-jenseits.xml,Text
1017,hartleben-rosenmontag.xml,Text
1018,anonym-das-lustlager.xml,Text
1019,sudermann-stein-unter-steinen.xml,Text
1020,goethe-proserpina.xml,Text
1021,hebbel-agnes-bernauer.xml,Text
1022,thoma-die-lokalbahn.xml,Text
1023,goethe-faust-der-tragoedie-zweiter-teil.xml,Text
1024,meisl-orpheus-und-euridice.xml,Text
1025,nestroy-judith-und-holofernes.xml,Text
1026,guenderode-udohla.xml,Text
1027,kotzebue-die-indianer-in-england.xml,Text
1028,hofmannsthal-der-abenteurer-und-die-saengerin.xml,Text
1029,grillparzer-medea.xml,Text
1030,rubiner-die-gewaltlosen.xml,Text
1031,halm-der-sohn-der-wildnis.xml,Text
1032,sorge-der-bettler.xml,Text
1033,dohm-der-seelenretter.xml,Text
1034,goethe-die-wette.xml,Text
1035,gutzkow-zopf-und-schwert.xml,Text
1036,birch-pfeiffer-johannes-gutenberg.xml,Text
1037,houwald-die-freistatt.xml,Text
1038,laube-struensee.xml,Text
1039,scheerbart-der-fanatische-buergermeister.xml,Text
1040,beyer-der-hausherr-in-der-klemme.xml,Text
1041,gasser-ramirus.xml,Text
1042,prutz-die-politische-wochenstube.xml,Text
1043,hensler-der-schornsteinfeger.xml,Text
1044,brandes-ino.xml,Text
1045,berg-kalisch-berlin-wie-es-weint-und-lacht.xml,Text
1046,laufs-jacoby-pension-schoeller.xml,Text
1047,kotzebue-der-wirrwarr.xml,Text
1048,lessing-die-alte-jungfer.xml,Text
1049,schnitzler-der-puppenspieler.xml,Text
1050,hofmannsthal-alkestis.xml,Text
1051,goethe-erwin-und-elmire.xml,Text
1052,beer-der-paria.xml,Text
1053,kannengiesser-die-vierbeinigten-philosophen.xml,Text
1054,gottsched-atalanta.xml,Text
1055,richter-eumenides-duester.xml,Text
1056,holz-sozialaristokraten.xml,Text
1057,thoma-die-medaille.xml,Text
1058,klopstock-der-tod-adams.xml,Text
1059,schnitzler-literatur.xml,Text
1060,ayrer-comedia-von-zweyen-bruedern-auss-syracusa.xml,Text
1061,stephanie-doktor-und-apotheker.xml,Text
1062,nestroy-der-zerrissene.xml,Text
1063,bleibtreu-weltgericht.xml,Text
1064,lessing-der-schatz.xml,Text
1065,mosenthal-die-koenigin-von-saba.xml,Text
1066,stephanie-die-entfuehrung-aus-dem-serail.xml,Text
1067,hauptmann-carl-frau-nadja-bielew.xml,Text
1068,haffner-die-fledermaus.xml,Text
1069,kotzebue-graf-benjowsky.xml,Text
1070,wildgans-dies-irae.xml,Text
1071,benedix-die-luegnerin.xml,Text
1072,klinger-die-zwillinge.xml,Text
1073,hebbel-demetrius.xml,Text
1074,borchert-draussen-vor-der-tuer.xml,Text
1075,raimund-moisasurs-zauberfluch.xml,Text
1076,schnitzler-der-einsame-weg.xml,Text
1077,kaiser-die-koralle.xml,Text
1078,arnim-das-loch.xml,Text
1079,hebbel-der-gehoernte-siegfried.xml,Text
1080,schnitzler-professor-bernhardi.xml,Text
1081,zedlitz-liebe-findet-ihre-wege.xml,Text
1082,goethe-die-laune-des-verliebten.xml,Text
1083,birch-pfeiffer-die-grille.xml,Text
1084,rosenow-kater-lampe.xml,Text
1085,weisse-die-jagd.xml,Text
1086,delpons-der-ahnherr.xml,Text
1087,meisl-der-lustige-fritz.xml,Text
1088,mosenthal-die-lustigen-weiber-von-windsor.xml,Text
1089,ball-die-nase-des-michelangelo.xml,Text
1090,zedlitz-herr-und-sklave.xml,Text
1091,engel-der-edelknabe.xml,Text
1092,platen-der-romantische-oedipus.xml,Text
1093,kobell-der-roaga.xml,Text
1094,scheerbart-das-gift.xml,Text
1095,koller-der-zauberstein.xml,Text
1096,guenderode-magie-und-schicksal.xml,Text
1097,ebner-eschenbach-doctor-ritter.xml,Text
1098,reuter-der-ehrlichen-frau-schlampampe-krankheit-und-tod.xml,Text
1099,schaefer-faustine-der-weibliche-faust.xml,Text
1100,bauernfeld-grossjaehrig.xml,Text
1101,lenz-die-soldaten.xml,Text
1102,guenderode-nikator.xml,Text
1103,hofmannsthal-der-unbestechliche.xml,Text
1104,sonnleithner-dir-wie-mir.xml,Text
1105,hofmannsthal-arabella.xml,Text
1106,holtei-die-kalkbrenner.xml,Text
1107,hebbel-siegfrieds-tod.xml,Text
1108,wolfram-faust.xml,Text
1109,wedekind-die-zensur.xml,Text
1110,gerhaeuser-der-moloch.xml,Text
1111,sudermann-der-bettler-von-syrakus.xml,Text
1112,laddey-maentelchen-nach-dem-winde.xml,Text
1113,grillparzer-die-argonauten.xml,Text
1114,heyne-der-stammbaum.xml,Text
1115,hippel-der-mann-nach-der-uhr.xml,Text
1116,kleist-amphitryon.xml,Text
1117,iffland-der-spieler.xml,Text
1118,engelke-wala.xml,Text
1119,heine-william-ratcliff.xml,Text
1120,goethe-des-epimenides-erwachen.xml,Text
1121,arnim-halle.xml,Text
1122,nestroy-eulenspiegel.xml,Text
1123,klemm-der-auf-den-parnass-versetzte-gruene-hut.xml,Text
1124,uhland-ernst-herzog-von-schwaben.xml,Text
1125,goethe-egmont.xml,Text
1126,grillparzer-libussa.xml,Text
1127,weidmann-der-dorfbarbier.xml,Text
1128,auenbrugger-der-rauchfangkehrer.xml,Text
1129,hofmannsthal-oedipus-und-die-sphinx.xml,Text
1130,sessa-unser-verkehr.xml,Text
1131,scheerbart-herr-kammerdiener-kneetschke.xml,Text
1132,gleim-philotas.xml,Text
1133,kotzebue-das-koestlichste.xml,Text
1134,sievers-die-schatzgraeber.xml,Text
1135,hofmannsthal-elektra.xml,Text
1136,schrader-der-hohlweg.xml,Text
1137,pfeil-lucie-woodvil.xml,Text
1138,boesenberg-die-amerikanische-waise.xml,Text
1139,kotzebue-der-hyperboreische-esel.xml,Text
1140,wildenbruch-die-haubenlerche.xml,Text
1141,bueschel-die-neue-messaline.xml,Text
1142,arnim-jerusalem.xml,Text
1143,anonym-die-grands-von-frankreich-in-ihrer-wahren-gestalt.xml,Text
1144,bossdorf-bahnmeister-dood.xml,Text
1145,wildenbruch-die-karolinger.xml,Text
1146,hafner-der-furchtsame.xml,Text
1147,gotter-medea.xml,Text
1148,voss-faust.xml,Text
1149,babo-das-winterquartier-in-amerika.xml,Text
1150,bleibtreu-ein-faust-der-that.xml,Text
1151,raupach-kritik-und-antikritik.xml,Text
1152,thoma-lottchens-geburtstag.xml,Text
1153,freisleben-der-weihnachtstag.xml,Text
1154,sternheim-der-snob.xml,Text
1155,soden-doktor-faust.xml,Text
1156,treitschke-das-bauerngut.xml,Text
1157,hauptmann-carl-ephraims-breite.xml,Text
1158,bodmer-polytimet.xml,Text
1159,goethe-goetz-von-berlichingen-mit-der-eisernen-hand.xml,Text
1160,raupach-der-versiegelte-burgemeister.xml,Text
1161,seemann-dulk-die-waende.xml,Text
1162,sorge-der-sieg-des-christos.xml,Text
1163,bauernfeld-buergerlich-und-romantisch.xml,Text
1164,wedekind-tod-und-teufel.xml,Text
1165,rilke-ohne-gegenwart.xml,Text
1166,kraus-traumstueck.xml,Text
1167,anzengruber-der-pfarrer-von-kirchfeld.xml,Text
1168,collin-balboa.xml,Text
1169,hofmannsthal-der-tor-und-der-tod.xml,Text
1170,kleist-prinz-friedrich-von-homburg.xml,Text
1171,schlegel-der-triumph-der-guten-frauen.xml,Text
1172,grillparzer-weh-dem-der-luegt.xml,Text
1173,dehmel-die-menschenfreunde.xml,Text
1174,gryphius-carolus-stuardus.xml,Text
1175,schnitzler-komoedie-der-verfuehrung.xml,Text
1176,panizza-nero.xml,Text
1177,schiller-die-jungfrau-von-orleans.xml,Text
1178,koerner-die-blumen.xml,Text
1179,kotzebue-die-spanier-in-peru.xml,Text
1180,moser-das-stiftungsfest.xml,Text
1181,herzl-das-neue-ghetto.xml,Text
1182,stramm-rudimentaer.xml,Text
1183,horvath-geschichten-aus-dem-wiener-wald.xml,Text
1184,wagner-voltaire-am-abend-seiner-apotheose.xml,Text
1185,dovsky-mona-lisa.xml,Text
1186,sachs-ein-comedi-von-dem-reichen-sterbenden-menschen-der-hecastus-genannt.xml,Text
1187,immermann-das-gericht-von-st-petersburg.xml,Text
1188,schlegel-der-geschaeftige-muessiggaenger.xml,Text
1189,klinger-die-neue-arria.xml,Text
1190,laube-die-karlsschueler.xml,Text
1191,schoenherr-der-weibsteufel.xml,Text
1192,cornelius-der-barbier-von-bagdad.xml,Text
1193,heine-almansor.xml,Text
1194,goethe-faust-eine-tragoedie.xml,Text
1195,kotzebue-pagenstreiche.xml,Text
1196,schnitzler-zum-grossen-wurstel.xml,Text
1197,scheerbart-die-welt-geht-unter.xml,Text
1198,scheerbart-der-vornehme-raeuberhauptmann.xml,Text
1199,freytag-der-gelehrte.xml,Text
1200,bredow-goerne-der-lauf-der-welt.xml,Text
1201,schnitzler-anatols-groessenwahn.xml,Text
1202,immermann-die-bojaren.xml,Text
1203,schnitzler-die-frau-mit-dem-dolche.xml,Text
1204,wedekind-fruehlings-erwachen.xml,Text
1205,goethe-pandora.xml,Text
1206,buechner-woyzeck.xml,Text
1207,hofmannsthal-der-tod-des-tizian.xml,Text
1208,goethe-das-jahrmarktsfest-zu-plundersweilern.xml,Text
1209,wilbrandt-gracchus-der-volkstribun.xml,Text
1210,brachvogel-narziss.xml,Text
1211,heyne-die-beiden-billets.xml,Text
1212,stramm-geschehen.xml,Text
1213,kotzebue-der-weibliche-jacobiner-clubb.xml,Text
1214,mylius-die-schaeferinsel.xml,Text
1215,bretzner-belmont-und-constanze.xml,Text
1216,alberti-im-suff.xml,Text
1217,moeser-die-tugend-auf-der-schaubuehne.xml,Text
1218,schildbach-glueck-durch-unglueck.xml,Text
1219,baggesen-der-vollendete-faust.xml,Text
1220,lortzing-der-wildschuetz.xml,Text
1221,schiller-maria-stuart.xml,Text
1222,wagner-das-rheingold.xml,Text
1223,ebner-eschenbach-das-waldfraeulein.xml,Text
1224,wagner-tannhaeuser.xml,Text
1225,huber-die-torte.xml,Text
1226,hillern-guten-abend.xml,Text
1227,schnitzler-der-tapfere-cassian.xml,Text
1228,tieck-prinz-zerbino.xml,Text
1229,toerring-agnes-bernauerin.xml,Text
1230,hauptmann-vor-sonnenaufgang.xml,Text
1231,holtei-ein-trauerspiel-in-berlin.xml,Text
1232,schlegel-jon.xml,Text
1233,wagner-lohengrin.xml,Text
1234,stramm-kraefte.xml,Text
1235,lortzing-zar-und-zimmermann.xml,Text
1236,schink-der-neue-doktor-faust.xml,Text
1237,iffland-figaro-in-deutschland.xml,Text
1238,anonym-die-verhandelte-braut.xml,Text
1239,wagner-parsifal.xml,Text
1240,riese-martha.xml,Text
1241,scheerbart-die-puppe-und-die-dauerwurst.xml,Text
1242,barlach-der-blaue-boll.xml,Text
1243,iffland-verbrechen-aus-ehrsucht.xml,Text
1244,angely-prinz-tu-ta-tu.xml,Text
1245,sachs-das-kaelberbrueten.xml,Text
1246,wedekind-fritz-schwigerling.xml,Text
1247,hauptmann-carl-musik.xml,Text
1248,ayrer-comedia-von-der-schoenen-sidea.xml,Text
1249,wagner-die-meistersinger-von-nuernberg.xml,Text
1250,grillparzer-der-gastfreund.xml,Text
1251,borkenstein-der-bookesbeutel.xml,Text
1252,schlegel-canut.xml,Text
1253,schuetz-die-katze-laesst-das-mausen-nicht.xml,Text
1254,devrient-hans-heiling.xml,Text
1255,muehsam-judas.xml,Text
1256,bossdorf-de-rode-uennerrock.xml,Text
1257,wedekind-der-marquis-von-keith.xml,Text
1258,wildenbruch-die-quitzows.xml,Text
1259,holz-ignorabimus.xml,Text
1260,braun-mutter-maria.xml,Text
1261,gengenbach-der-nollhart.xml,Text
1262,laube-monaldeschi.xml,Text
1263,malss-die-jungfern-koechinnen.xml,Text
1264,pfeffel-vorspiel-ueber-die-buergerliche-tragoedie.xml,Text
1265,essig-der-frauenmut.xml,Text
1266,andre-der-comoedienfeind.xml,Text
1267,raimund-das-maedchen-aus-der-feenwelt.xml,Text
1268,grabbe-herzog-theodor-von-gothland.xml,Text
1269,hauptmann-carl-der-antiquar.xml,Text
1270,lortzing-der-waffenschmied.xml,Text
1271,grohmann-der-physiognomist-oder-keine-regel-ohn-ausnahme.xml,Text
1272,lachmann-salome.xml,Text
1273,steltzer-franziska-montenegro.xml,Text
1274,quistorp-der-hypochondrist.xml,Text
1275,neuber-ein-deutsches-vorspiel.xml,Text
1276,leisewitz-der-besuch-um-mitternacht.xml,Text
1277,nestroy-zu-ebener-erde-und-erster-stock.xml,Text
1278,goethe-clavigo.xml,Text
1279,hauptmann-carl-tobias-buntschuh.xml,Text
1280,anonym-das-muenchner-spiel-vom-sterbenden-menschen.xml,Text
1281,tieck-ritter-blaubart.xml,Text
1282,solbrig-die-dorfschule.xml,Text
1283,ebner-eschenbach-maennertreue.xml,Text
1284,kotzebue-maedchenfreundschaft.xml,Text
1285,grillparzer-die-ahnfrau.xml,Text
1286,castelli-jeitteles-der-schicksalsstrumpf.xml,Text
1287,braun-von-braunthal-das-nachtlager-von-granada.xml,Text
1288,schiller-die-braut-von-messina.xml,Text
1289,hartleben-hanna-jagert.xml,Text
1290,kleist-penthesilea.xml,Text
1291,iffland-die-jaeger.xml,Text
1292,ayrer-tragedia-thesei.xml,Text
1293,sturz-julie.xml,Text
1294,kotzebue-ueble-laune.xml,Text
1295,engel-eid-und-pflicht.xml,Text
1296,klabund-xyz.xml,Text
1297,baeuerle-doktor-fausts-mantel.xml,Text
1298,wilbrandt-der-meister-von-palmyra.xml,Text
1299,raupach-der-platzregen-als-eheprokurator.xml,Text
1300,muellner-der-neun-und-zwanzigste-februar.xml,Text
1301,sachs-eulenspiegel-mit-dem-blauen-hosentuch.xml,Text
1302,hebbel-der-rubin.xml,Text
1303,kotzebue-menschenhass-und-reue.xml,Text
1304,anonym-die-gedruckten-theater-regeln.xml,Text
1305,lenz-der-neue-menoza.xml,Text
1306,goethe-die-natuerliche-tochter.xml,Text
1307,zedlitz-cabinets-intriguen.xml,Text
1308,platen-berengar.xml,Text
1309,guenderode-der-kanonenschlag.xml,Text
1310,wedekind-franziska.xml,Text
1311,benedix-das-bemooste-haupt.xml,Text
1312,lessing-emilia-galotti.xml,Text
1313,brawe-der-freygeist.xml,Text
1314,preusse-herzmutterchen.xml,Text
1315,anonym-emilie-oder-die-philosophisch-verliebten.xml,Text
1316,brentano-ponce-de-leon.xml,Text
1317,eichendorff-der-letzte-held-von-marienburg.xml,Text
1318,bahr-das-konzert.xml,Text
1319,anzengruber-das-vierte-gebot.xml,Text
1320,lenz-der-englaender.xml,Text
1321,tieck-leben-und-tod-der-heiligen-genoveva.xml,Text
1322,goethe-stella.xml,Text
1323,klinger-sturm-und-drang.xml,Text
1324,widmann-der-widerspenstigen-zaehmung.xml,Text
1325,schroeder-der-vetter-in-lissabon.xml,Text
1326,sonnleithner-fidelio.xml,Text
1327,kotzebue-sultan-wampum.xml,Text
1328,mosenthal-das-goldene-kreuz.xml,Text
1329,fouque-aslauga.xml,Text
1330,gellert-die-betschwester.xml,Text
1331,dohm-die-ritter-vom-goldenen-kalb.xml,Text
1332,weissenthurn-welcher-ist-der-braeutigam.xml,Text
1333,brawe-brutus.xml,Text
1334,wolf-cyankali.xml,Text
1335,bernard-faust.xml,Text
1336,scheerbart-es-lebe-europa.xml,Text
1337,gotter-die-geisterinsel.xml,Text
1338,freytag-die-journalisten.xml,Text
1339,droste-huelshoff-perdu.xml,Text
1340,koerner-zriny.xml,Text
1341,koerner-die-braut.xml,Text
1342,hebbel-genoveva.xml,Text
1343,grabbe-kaiser-friedrich-barbarossa.xml,Text
1344,wolf-professor-mamlock.xml,Text
1345,lessing-minna-von-barnhelm.xml,Text
1346,scheerbart-der-alte-petrus.xml,Text
1347,raimund-der-alpenkoenig-und-der-menschenfeind.xml,Text
1348,grillparzer-die-juedin-von-toledo.xml,Text
1349,wagner-tristan-und-isolde.xml,Text
1350,lenz-der-hofmeister.xml,Text
1351,anzengruber-heimgfunden.xml,Text
1352,malss-der-alte-buerger-capitain.xml,Text
1353,vischer-faust.xml,Text
1354,muellner-koenig-yngurd.xml,Text
1355,immermann-merlin.xml,Text
1356,hebbel-herodes-und-mariamne.xml,Text
1357,sorge-odysseus.xml,Text
1358,wette-haensel-und-gretel.xml,Text
1359,gottschedin-das-testament.xml,Text
1360,scheerbart-die-urgrossmutter.xml,Text
1361,goethe-goetter-helden-und-wieland.xml,Text
1362,ayrenhoff-der-postzug.xml,Text
1363,gleich-der-eheteufel-auf-reisen.xml,Text
1364,larronge-hasemanns-toechter.xml,Text
1365,schiller-wallensteins-lager.xml,Text
1366,kaltneker-die-opferung.xml,Text
1367,hensler-die-teufelsmuehle-am-wienerberg.xml,Text
1368,gryphius-papinianus.xml,Text
1369,beer-struensee.xml,Text
1370,kind-der-freischuetz.xml,Text
1371,arnim-marino-caboga.xml,Text
1372,schlosser-die-maskerade.xml,Text
1373,buechner-leonce-und-lena.xml,Text
1374,kotzebue-das-posthaus-in-treuenbrietzen.xml,Text
1375,may-babel-und-bibel.xml,Text
1376,grillparzer-der-traum-ein-leben.xml,Text
1377,adolph-am-ersten-mai.xml,Text
1378,moritz-blunt-oder-der-gast.xml,Text
1379,heyse-colberg.xml,Text
1380,klinger-das-leidende-weib.xml,Text
1381,grillparzer-ein-treuer-diener-seines-herrn.xml,Text
1382,schnitzler-reigen.xml,Text
1383,chlumberg-wunder-um-verdun.xml,Text
1384,gryphius-horribilicribrifax-teutsch.xml,Text
1385,simrock-doctor-johannes-faust.xml,Text
1386,scheerbart-okurirasuna.xml,Text
1387,braun-von-braunthal-faust.xml,Text
1388,grillparzer-koenig-ottokars-glueck-und-ende.xml,Text
1389,sudermann-die-schmetterlingsschlacht.xml,Text
1390,gutzkow-richard-savage.xml,Text
1391,goethe-satyros.xml,Text
1392,dohm-ein-schuss-ins-schwarze.xml,Text
1393,raupach-der-bettler.xml,Text
1394,birch-pfeiffer-in-der-heimath.xml,Text
1395,schnitzer-der-zigeunerbaron.xml,Text
1396,ebner-eschenbach-es-wandelt-niemand-ungestraft-unter-palmen.xml,Text
1397,ebner-eschenbach-die-selbstsuechtigen.xml,Text
1398,fouque-sigurd-der-schlangentoedter.xml,Text
1399,raimund-die-gefesselte-phantasie.xml,Text
1400,hofmannsthal-das-salzburger-grosse-welttheater.xml,Text
1401,brentano-die-gruendung-prags.xml,Text
1402,reil-der-erste-may.xml,Text
1403,tieck-karl-von-berneck.xml,Text
1404,schlaf-meister-oelze.xml,Text
1405,kaffka-der-transport.xml,Text
1406,schnitzler-lebendige-stunden.xml,Text
1407,immermann-andreas-hofer.xml,Text
1408,ertler-das-spiel-von-doktor-faust.xml,Text
1409,bodmer-odoardo-galotti-vater-der-emilia.xml,Text
1410,tieck-die-theegesellschaft.xml,Text
